toi,toipfx,tid,ctoi_alias,pl_pnum,tfopwg_disp,rastr,ra,raerr1,raerr2,decstr,dec,decerr1,decerr2,st_pmra,st_pmraerr1,st_pmraerr2,st_pmralim,st_pmrasymerr,st_pmdec,st_pmdecerr1,st_pmdecerr2,st_pmdeclim,st_pmdecsymerr,pl_tranmid,pl_tranmiderr1,pl_tranmiderr2,pl_tranmidlim,pl_tranmidsymerr,pl_orbper,pl_orbpererr1,pl_orbpererr2,pl_orbperlim,pl_orbpersymerr,pl_trandurh,pl_trandurherr1,pl_trandurherr2,pl_trandurhlim,pl_trandurhsymerr,pl_trandep,pl_trandeperr1,pl_trandeperr2,pl_trandeplim,pl_trandepsymerr,pl_rade,pl_radeerr1,pl_radeerr2,pl_radelim,pl_radesymerr,pl_insol,pl_insolerr1,pl_insolerr2,pl_insollim,pl_insolsymerr,pl_eqt,pl_eqterr1,pl_eqterr2,pl_eqtlim,pl_eqtsymerr,st_tmag,st_tmagerr1,st_tmagerr2,st_tmaglim,st_tmagsymerr,st_dist,st_disterr1,st_disterr2,st_distlim,st_distsymerr,st_teff,st_tefferr1,st_tefferr2,st_tefflim,st_teffsymerr,st_logg,st_loggerr1,st_loggerr2,st_logglim,st_loggsymerr,st_rad,st_raderr1,st_raderr2,st_radlim,st_radsymerr,toi_created,rowupdate,st_rad_err,st_logg_err,st_teff_err,notes,accepted
1521.01,1521,366074069,366074069.01,1,PC,23h47m04.94s,356.770579,,,+69d02m58.28s,69.049522,,,-6.51,0.044,-0.044,0.0,1.0,-11.243,0.042,-0.042,0.0,1.0,2458768.08864,0.00071,-0.00071,0,1,4.18106,0.00012,-0.00012,0,1,4.574,0.084,-0.084,0,1,5180.0,0.24544,-0.24544,0,1,16.9776,0.813943,-0.813943,0,1,1085.44,,,,,1599.0,,,,,9.78876,0.006,-0.006,0,1,317.752,2.623,-2.623,0,1,6146.0,188.9,-188.9,0,1,3.78,0.09,-0.09,0,1,2.31,0.11,-0.11,0,1,2019-12-05 21:41:10,2021-10-29 12:59:15,0.11,0.09,188.9,,True
1536.01,1536,445137888,445137888.01,1,PC,00h45m12.58s,11.3024,,,+56d04m12.21s,56.070058,,,-0.129,0.082,-0.082,0.0,1.0,-1.659,0.086,-0.086,0.0,1.0,2458765.06744,0.00596,-0.00596,0,1,2.0139,0.00032,-0.00032,0,1,1.661,0.285,-0.285,0,1,690.0,2.8285,-2.8285,0,1,7.37031,0.864438,-0.864438,0,1,5884.18,,,,,2439.0,,,,,10.3654,0.033,-0.033,0,1,795.905,74.344,-74.344,0,1,10310.0,617.1,-617.1,0,1,4.01,0.1,-0.1,0,1,2.68,0.26,-0.26,0,1,2019-12-05 21:41:10,2021-10-29 12:59:15,0.26,0.1,617.1,,True
1546.01,1546,194203348,194203348.01,1,PC,00h04m47.24s,1.196825,,,+41d35m37.97s,41.59388,,,-23.294,0.134,-0.134,0.0,1.0,-29.277,0.083,-0.083,0.0,1.0,2458764.83324,0.00821,-0.00821,0,1,1.13345,0.0006,-0.0006,0,1,1.894,0.435,-0.435,0,1,490.0,1.8831,-1.8831,0,1,3.03424,0.268139,-0.268139,0,1,3611.25,,,,,2159.0,,,,,9.87731,0.006,-0.006,0,1,210.101,5.846,-5.846,0,1,6223.0,106.3,-106.3,0,1,4.23,0.08,-0.08,0,1,1.4,0.08,-0.08,0,1,2019-12-05 21:41:10,2021-10-29 12:59:15,0.08,0.08,106.3,,True
1551.01,1551,288348498,288348498.01,1,PC,01h18m48.09s,19.700387,,,+41d30m22s,41.506112,,,-11.252,0.069,-0.069,0.0,1.0,-16.638,0.076,-0.076,0.0,1.0,2458765.11138,0.00229,-0.00229,0,1,1.67546,0.00029,-0.00029,0,1,1.202,0.196,-0.196,0,1,1250.0,2.65702,-2.65702,0,1,6.44889,0.417778,-0.417778,0,1,855.787,,,,,1506.0,,,,,9.967,0.008,-0.008,0,1,313.229,5.0305,-5.0305,0,1,6745.5,110.1,-110.1,0,1,4.09,0.09,-0.09,0,1,1.78,0.07,-0.07,0,1,2019-12-05 21:41:11,2021-10-29 12:59:15,0.07,0.09,110.1,,True
1559.01,1559,241040309,241040309.01,1,PC,01h22m52.18s,20.717398,,,+48d57m19.31s,48.955364,,,3.798,0.085,-0.085,0.0,1.0,-6.27,0.09,-0.09,0.0,1.0,2458764.93926,0.00317,-0.00317,0,1,3.46479,0.00043,-0.00043,0,1,1.009,0.311,-0.311,0,1,1150.0,8.35472,-8.35472,0,1,9.20223,0.922291,-0.922291,0,1,387.778,,,,,1236.0,,,,,10.3978,0.009,-0.009,0,1,685.251,26.3785,-26.3785,0,1,8455.3,109.4,-109.4,0,1,3.95,0.08,-0.08,0,1,2.54,0.12,-0.12,0,1,2019-12-19 20:58:20,2021-10-29 12:59:15,0.12,0.08,109.4,,True
1560.01,1560,241076290,241076290.01,1,PC,01h56m07.89s,29.032856,,,+52d35m07.74s,52.585482,,,3.483,0.119,-0.119,0.0,1.0,-4.865,0.139,-0.139,0.0,1.0,2458790.84795,0.00147,-0.00147,0,1,0.25792,3e-05,-3e-05,0,1,0.475,0.149,-0.149,0,1,950.0,18.3704,-18.3704,0,1,8.51808,1.06722,-1.06722,0,1,46846.6,,,,,4098.0,,,,,10.1942,0.007,-0.007,0,1,560.222,22.793,-22.793,0,1,9035.0,204.2,-204.2,0,1,4.16,0.08,-0.08,0,1,2.09,0.1,-0.1,0,1,2019-12-19 20:58:20,2021-10-29 12:59:15,0.1,0.08,204.2,,True
1581.01,1581,370759867,370759867.01,1,PC,01h52m39.25s,28.16355,,,+55d11m09.5s,55.185971,,,44.517,0.084,-0.084,0.0,1.0,-14.626,0.09,-0.09,0.0,1.0,2458810.30671,,,0,1,,,,0,1,4.23,0.253,-0.253,0,1,8410.0,2787.44,-2787.44,0,1,18.6201,5.67282,-5.67282,0,1,,,,,,,,,,,9.76978,0.006,-0.006,0,1,124.547,0.631,-0.631,0,1,5865.0,139.6,-139.6,0,1,4.49,0.08,-0.08,0,1,0.97,0.05,-0.05,0,1,2019-12-19 20:58:21,2021-10-29 12:59:15,0.05,0.08,139.6,,True
1593.01,1593,192372961,192372961.01,1,PC,03h02m23.61s,45.598372,,,+43d11m01.69s,43.183802,,,10.679,0.074,-0.074,0.0,1.0,-11.741,0.067,-0.067,0.0,1.0,2458792.29644,0.00617,-0.00617,0,1,2.06313,0.00099,-0.00099,0,1,2.157,0.485,-0.485,0,1,600.0,2.56623,-2.56623,0,1,11.9118,0.988067,-0.988067,0,1,1866.39,,,,,1831.0,,,,,9.1222,0.007,-0.007,0,1,550.183,12.998,-12.998,0,1,6716.5,99.8,-99.8,0,1,3.24,0.09,-0.09,0,1,4.77,0.21,-0.21,0,1,2019-12-19 20:58:21,2021-10-29 12:59:15,0.21,0.09,99.8,,True
1596.01,1596,431899140,431899140.01,1,PC,03h44m53.41s,56.222542,,,+45d30m25.88s,45.507188,,,-0.869,0.123,-0.123,0.0,1.0,-0.576,0.086,-0.086,0.0,1.0,2458792.20585,0.00381,-0.00381,0,1,1.97656,0.0007,-0.0007,0,1,3.102,0.758,-0.758,0,1,1120.0,4.88661,-4.88661,0,1,13.6974,1.24199,-1.24199,0,1,24091.5,,,,,3470.0,,,,,10.0888,0.02,-0.02,0,1,710.919,26.476,-26.476,0,1,7962.9,130.5,-130.5,0,1,3.6,0.1,-0.1,0,1,3.62,0.23,-0.23,0,1,2019-12-19 20:58:21,2021-10-29 12:59:15,0.23,0.1,130.5,,True
1602.01,1602,129991079,129991079.01,1,PC,02h28m31.78s,37.13241,,,+40d53m28.51s,40.891254,,,18.147,0.083,-0.083,0.0,1.0,-24.997,0.076,-0.076,0.0,1.0,2458792.50412,0.01002,-0.01002,0,1,6.15952,0.00486,-0.00486,0,1,3.834,0.887,-0.887,0,1,1230.0,5.42282,-5.42282,0,1,3.90515,0.327005,-0.327005,0,1,487.519,,,,,1309.0,,,,,10.4375,0.006,-0.006,0,1,208.771,3.0245,-3.0245,0,1,6175.9,111.3,-111.3,0,1,4.44,0.08,-0.08,0,1,1.09,0.05,-0.05,0,1,2019-12-19 20:58:22,2021-10-29 12:59:15,0.05,0.08,111.3,,True
1605.01,1605,101037590,101037590.01,1,PC,03h37m55.41s,54.48089,,,+33d04m47.63s,33.079897,,,-40.365,0.106,-0.106,0.0,1.0,8.767,0.062,-0.062,0.0,1.0,2458798.7416,0.00122,-0.00122,0,1,8.70769,0.00143,-0.00143,0,1,2.745,0.304,-0.304,0,1,4920.0,5.685,-5.685,0,1,12.8676,0.796009,-0.796009,0,1,191.458,,,,,1036.0,,,,,9.62924,0.006,-0.006,0,1,159.748,1.5125,-1.5125,0,1,5597.0,146.5,-146.5,0,1,4.03,0.08,-0.08,0,1,1.59,0.08,-0.08,0,1,2019-12-19 20:58:22,2021-10-29 12:59:15,0.08,0.08,146.5,,True
1655.01,1655,266500992,266500992.01,1,PC,04h04m41.34s,61.172234,,,+52d15m25.17s,52.256992,,,5.89,0.071,-0.071,0.0,1.0,-16.735,0.048,-0.048,0.0,1.0,2458819.70953,0.00524,-0.00524,0,1,3.27767,0.00135,-0.00135,0,1,3.071,0.488,-0.488,0,1,1050.0,2.581,-2.581,0,1,3.67705,0.289268,-0.289268,0,1,573.692,,,,,1363.0,,,,,10.3309,0.006,-0.006,0,1,165.314,0.987,-0.987,0,1,5411.0,153.9,-153.9,0,1,4.29,0.09,-0.09,0,1,1.15,0.06,-0.06,0,1,2020-01-29 22:18:55,2021-10-29 12:59:15,0.06,0.09,153.9,,True
1658.01,1658,286561122,286561122.01,1,PC,04h23m30.29s,65.876229,,,+35d29m42.39s,35.495109,,,-2.883,0.124,-0.124,0.0,1.0,-12.716,0.08,-0.08,0.0,1.0,2458817.94441,0.00457,-0.00457,0,1,0.67994,0.00033,-0.00033,0,1,1.907,0.339,-0.339,0,1,670.0,1.64684,-1.64684,0,1,7.85887,0.6263,-0.6263,0,1,18638.5,,,,,3255.0,,,,,10.2674,0.006,-0.006,0,1,506.864,12.112,-12.112,0,1,7325.5,136.6,-136.6,0,1,3.71,0.09,-0.09,0,1,2.98,0.18,-0.18,0,1,2020-01-29 22:18:55,2021-10-29 12:59:15,0.18,0.09,136.6,,True
1675.01,1675,81831095,81831095.01,1,PC,03h11m13.59s,47.806635,,,+61d45m44.59s,61.762385,,,-3.246,0.043,-0.043,0.0,1.0,-1.418,0.053,-0.053,0.0,1.0,2458794.77733,0.00166,-0.00166,0,1,3.13282,0.00027,-0.00027,0,1,0.843,0.088,-0.088,0,1,1130.0,2.43645,-2.43645,0,1,7.37696,0.429936,-0.429936,0,1,156.974,,,,,986.0,,,,,9.9944,0.024,-0.024,0,1,399.401,5.3,-5.3,0,1,7478.0,216.5,-216.5,0,1,4.05,0.08,-0.08,0,1,2.06,0.07,-0.07,0,1,2020-01-29 22:18:56,2021-10-29 12:59:15,0.07,0.08,216.5,,True
1677.01,1677,87090944,87090944.01,1,PC,03h53m56.78s,58.486586,,,+58d58m05.88s,58.9683,,,73.759,0.108,-0.108,0.0,1.0,-68.847,0.113,-0.113,0.0,1.0,2458818.20905,0.00224,-0.00224,0,1,0.64367,0.00012,-0.00012,0,1,0.548,0.19,-0.19,0,1,800.0,15.7615,-15.7615,0,1,5.09039,0.718296,-0.718296,0,1,1438.63,,,,,1715.0,,,,,10.1089,0.006,-0.006,0,1,197.14,2.989,-2.989,0,1,5919.7,109.0,-109.0,0,1,4.12,0.08,-0.08,0,1,1.49,0.09,-0.09,0,1,2020-01-29 22:18:56,2021-10-29 12:59:15,0.09,0.08,109.0,,True
1701.01,1701,274215536,274215536.01,1,PC,06h39m35.57s,99.898189,,,+42d07m52.82s,42.131339,,,7.743,0.066,-0.066,0.0,1.0,-53.417,0.059,-0.059,0.0,1.0,2458843.37293,0.00208,-0.00208,0,1,1.33418,0.00021,-0.00021,0,1,1.115,0.308,-0.308,0,1,2470.0,9.41862,-9.41862,0,1,4.94538,0.439061,-0.439061,0,1,470.116,,,,,1297.0,,,,,10.9263,0.006,-0.006,0,1,123.643,0.71,-0.71,0,1,4685.1,111.6,-111.6,0,1,4.42,0.09,-0.09,0,1,0.88,0.06,-0.06,0,1,2020-02-19 00:44:40,2021-10-29 12:59:15,0.06,0.09,111.6,,True
1954.01,1954,466113537,466113537.01,1,PC,11h00m07.99s,165.033297,,,-59d58m42.27s,-59.978409,,,-22.482,0.045,-0.045,0.0,1.0,1.368,0.044,-0.044,0.0,1.0,2458572.59809,0.00879,-0.00879,0,1,4.90427,0.0016,-0.0016,0,1,5.259,0.832,-0.832,0,1,1600.0,5.1462,-5.1462,0,1,7.86596,0.594258,-0.594258,0,1,2027.06,,,,,1869.0,,,,,8.9718,0.006,-0.006,0,1,232.276,1.5305,-1.5305,0,1,7119.5,299.0,-299.0,0,1,4.14,0.36,-0.36,0,1,1.98,0.08,-0.08,0,1,2020-06-17 17:40:44,2021-10-29 12:59:15,0.08,0.36,299.0,,True
2026.01,2026,407059875,407059875.01,1,PC,00h21m52.69s,5.469534,,,+66d10m05.23s,66.168119,,,-47.349,0.046,-0.046,0.0,1.0,-11.911,0.038,-0.038,0.0,1.0,2458768.29024,0.00474,-0.00474,0,1,7.1924,0.00027,-0.00027,0,1,2.732,0.391,-0.391,0,1,810.0,1.83316,-1.83316,0,1,2.27368,0.180461,-0.180461,0,1,72.3112,,,,,812.0,,,,,10.5782,0.006,-0.006,0,1,108.076,0.3155,-0.3155,0,1,5050.0,146.8,-146.8,0,1,4.59,0.09,-0.09,0,1,0.77,0.05,-0.05,0,1,2020-06-19 07:20:03,2021-10-29 12:59:15,0.05,0.09,146.8,,True
2033.01,2033,53617134,53617134.01,1,PC,01h10m43.22s,17.680098,,,+65d14m58.73s,65.249648,,,24.971,0.045,-0.045,0.0,1.0,-2.555,0.046,-0.046,0.0,1.0,2458794.6827,0.00243,-0.00243,0,1,18.8238,0.00033,-0.00033,0,1,4.806,0.276,-0.276,0,1,2360.0,1.02517,-1.02517,0,1,9.62606,0.426547,-0.426547,0,1,109.162,,,,,900.0,,,,,9.46221,0.006,-0.006,0,1,281.184,2.458,-2.458,0,1,7014.0,163.9,-163.9,0,1,4.05,0.09,-0.09,0,1,1.95,0.07,-0.07,0,1,2020-06-19 07:20:03,2021-10-29 12:59:15,0.07,0.09,163.9,,True
2036.01,2036,368320811,368320811.01,1,PC,15h32m03.58s,233.014923,,,+24d05m06.06s,24.085016,,,-17.558,0.042,-0.042,0.0,1.0,15.161,0.037,-0.037,0.0,1.0,2458981.359291,0.003629,-0.003629,0,1,1.2583329,0.0003927,-0.0003927,0,1,1.17,0.304,-0.304,0,1,440.0,2.6534,-2.6534,0,1,4.91523,0.444234,-0.444234,0,1,1480.01,,,,,1727.0,,,,,8.97913,0.006,-0.006,0,1,231.827,1.6665,-1.6665,0,1,6549.0,134.3,-134.3,0,1,3.89,0.09,-0.09,0,1,2.18,0.09,-0.09,0,1,2020-06-19 07:20:03,2022-06-24 16:02:01,0.09,0.09,134.3,,True
2060.01,2060,285542903,285542903.01,1,PC,00h53m04.81s,13.27005,,,+60d37m05.2s,60.618112,,,2.884,0.053,-0.053,0.0,1.0,-1.087,0.055,-0.055,0.0,1.0,2458766.82506,0.00718,-0.00718,0,1,2.26584,0.00013,-0.00013,0,1,2.833,0.379,-0.379,0,1,430.0,0.899966,-0.899966,0,1,7.79082,0.544054,-0.544054,0,1,11752.6,,,,,2900.0,,,,,9.8722,0.023,-0.023,0,1,914.062,34.852,-34.852,0,1,10125.0,419.5,-419.5,0,1,3.62,0.07,-0.07,0,1,4.14,0.18,-0.18,0,1,2020-06-19 07:20:04,2021-10-29 12:59:15,0.18,0.07,419.5,,True
2341.01,2341,100267480,100267480.01,1,PC,20h27m22.45s,306.843521,,,-53d13m14.35s,-53.220653,,,45.658,0.051,-0.051,0.0,1.0,-10.599,0.041,-0.041,0.0,1.0,2458681.75145,0.00097,-0.00097,0,1,0.87741,6e-05,-6e-05,0,1,0.472,0.055,-0.055,0,1,12050.0,32.5226,-32.5226,0,1,8.59148,0.463846,-0.463846,0,1,26.3008,,,,,630.0,,,,,12.722,0.008,-0.008,0,1,121.433,0.57,-0.57,0,1,3495.0,157.0,-157.0,0,1,4.64,0.01,-0.01,0,1,0.62,0.02,-0.02,0,1,2020-10-23 19:58:26,2021-10-29 12:59:15,0.02,0.01,157.0,,True
2350.01,2350,47601197,47601197.01,1,PC,06h29m37.95s,97.408122,,,-21d59m39.79s,-21.994385,,,-5.328,0.024,-0.024,0.0,1.0,-9.006,0.045,-0.045,0.0,1.0,2458476.588785,0.001864,-0.001864,0,1,8.6251769,0.0026704,-0.0026704,0,1,2.704,0.528,-0.528,0,1,1690.0,10.4777,-10.4777,0,1,7.55444,0.550065,-0.550065,0,1,161.98,,,,,993.0,,,,,10.6477,0.006,-0.006,0,1,185.506,1.006,-1.006,0,1,5484.0,123.9,-123.9,0,1,4.35,0.08,-0.08,0,1,1.08,0.06,-0.06,0,1,2020-10-23 19:58:28,2021-10-29 12:59:15,0.06,0.08,123.9,,True
2395.01,2395,144124187,144124187.01,1,PC,11h43m31.05s,175.879369,,,-07d17m45.93s,-7.296091,,,-0.528,0.07,-0.07,0.0,1.0,-0.247,0.038,-0.038,0.0,1.0,2459573.959999,0.001266,-0.001266,0,1,15.7373186,1.27e-05,-1.27e-05,0,1,3.993,0.153,-0.153,0,1,10720.0,2.20471,-2.20471,0,1,12.2054,0.602544,-0.602544,0,1,263.429,,,,,1122.0,,,,,11.7622,0.007,-0.007,0,1,413.22,6.3595,-6.3595,0,1,6394.0,125.5,-125.5,0,1,4.43,0.09,-0.09,0,1,1.14,0.05,-0.05,0,1,2020-11-24 20:52:12,2022-03-11 10:10:02,0.05,0.09,125.5,,True
2533.01,2533,418012030,418012030.01,1,PC,14h10m33.31s,212.638797,,,+26d25m24.35s,26.42343,,,-14.0,0.048,-0.048,0.0,1.0,19.171,0.061,-0.061,0.0,1.0,2459682.185785,0.001691,-0.001691,0,1,6.6857865,1.81e-05,-1.81e-05,0,1,2.896,0.157,-0.157,0,1,6690.0,2.36039,-2.36039,0,1,9.65352,0.454536,-0.454536,0,1,171.835,,,,,1008.0,,,,,11.6417,0.007,-0.007,0,1,368.409,4.501,-4.501,0,1,6144.3,105.0,-105.0,0,1,4.4,0.08,-0.08,0,1,1.13,0.05,-0.05,0,1,2021-03-02 22:57:48,2022-09-08 10:10:02,0.05,0.08,105.0,,True
2578.01,2578,104986789,104986789.01,1,PC,04h32m12.5s,68.052102,,,+52d15m09.56s,52.252655,,,4.401,0.064,-0.064,0.0,1.0,-33.767,0.043,-0.043,0.0,1.0,2458839.509702,0.000833,-0.000833,0,1,3.4577316,0.0001968,-0.0001968,0,1,2.42,0.306,-0.306,0,1,9820.0,10.6159,-10.6159,0,1,13.7261,0.904178,-0.904178,0,1,1037.81,,,,,1581.0,,,,,10.5863,0.006,-0.006,0,1,285.53,3.476,-3.476,0,1,6427.8,105.1,-105.1,0,1,4.35,0.09,-0.09,0,1,1.27,0.07,-0.07,0,1,2021-03-18 22:24:56,2022-07-20 12:03:42,0.07,0.09,105.1,,True
2580.01,2580,102713734,102713734.01,1,PC,04h08m47.81s,62.199207,,,+67d06m59.49s,67.116526,,,10.767,0.032,-0.032,0.0,1.0,-5.174,0.047,-0.047,0.0,1.0,2458839.453257,0.000668,-0.000668,0,1,3.397862,0.0001937,-0.0001937,0,1,4.502,0.126,-0.126,0,1,9960.0,0.92863,-0.92863,0,1,18.3834,0.865094,-0.865094,0,1,2031.47,,,,,1870.0,,,,,10.8064,0.006,-0.006,0,1,379.253,4.518,-4.518,0,1,6590.0,230.5,-230.5,0,1,4.05,0.1,-0.1,0,1,1.83,0.08,-0.08,0,1,2021-03-18 22:24:56,2021-10-29 12:59:15,0.08,0.1,230.5,,True
2649.01,2649,230980206,230980206.01,1,PC,01h36m02.24s,24.009341,,,-55d47m37.63s,-55.793785,,,8.512,0.03,-0.03,0.0,1.0,0.255,0.031,-0.031,0.0,1.0,2458377.753706,0.00116,-0.00116,0,1,3.375591,0.0003311,-0.0003311,0,1,3.489,0.183,-0.183,0,1,11630.0,4.01206,-4.01206,0,1,13.2361,0.657366,-0.657366,0,1,1112.75,,,,,1609.0,,,,,12.4752,0.006,-0.006,0,1,626.504,9.0525,-9.0525,0,1,6408.0,132.3,-132.3,0,1,4.38,0.09,-0.09,0,1,1.22,0.06,-0.06,0,1,2021-05-04 20:03:20,2022-09-20 12:02:43,0.06,0.09,132.3,,True
2784.01,2784,302766000,302766000.01,1,PC,05h31m30.83s,82.878464,,,+15d46m16.8s,15.771332,,,-3.812,0.07,-0.07,0.0,1.0,-6.652,0.049,-0.049,0.0,1.0,2458489.661734,0.002382,-0.002382,0,1,0.2571432,5.03e-05,-5.03e-05,0,1,0.362,0.134,-0.134,0,1,1940.0,87.6813,-87.6813,0,1,7.20948,1.19637,-1.19637,0,1,1913.57,,,,,1842.0,,,,,12.428,0.006,-0.006,0,1,392.4,5.2225,-5.2225,0,1,5784.0,638.4,-638.4,0,1,4.38,0.15,-0.15,0,1,1.09,0.06,-0.06,0,1,2021-06-03 22:07:27,2021-10-29 12:59:15,0.06,0.15,638.4,,True
2790.01,2790,247518629,247518629.01,1,PC,05h43m52.13s,85.967216,,,+16d21m36.23s,16.360063,,,0.877,0.09,-0.09,0.0,1.0,-1.763,0.071,-0.071,0.0,1.0,2459547.210084,0.000512,-0.000512,0,1,2.3341583,2.8e-06,-2.8e-06,0,1,3.553,0.084,-0.084,0,1,10070.0,0.770823,-0.770823,0,1,20.0937,1.09728,-1.09728,0,1,3201.05,,,,,2095.0,,,,,12.273,0.016,-0.016,0,1,832.581,30.865,-30.865,0,1,6901.0,157.7,-157.7,0,1,4.04,0.09,-0.09,0,1,1.93,0.1,-0.1,0,1,2021-06-03 22:07:28,2022-03-11 10:10:02,0.1,0.09,157.7,,True
2791.01,2791,237406657,237406657.01,1,PC,06h24m41.5s,96.172915,,,-36d55m45.22s,-36.929228,,,-3.844,0.021,-0.021,0.0,1.0,7.948,0.022,-0.022,0.0,1.0,2458515.618118,0.003339,-0.003339,0,1,3.7482756,0.0005589,-0.0005589,0,1,4.989,0.319,-0.319,0,1,5010.0,2.55201,-2.55201,0,1,14.0065,0.7336,-0.7336,0,1,2004.64,,,,,1864.0,,,,,12.7587,0.006,-0.006,0,1,1148.8,16.46,-16.46,0,1,6425.0,136.4,-136.4,0,1,3.94,0.09,-0.09,0,1,2.02,0.09,-0.09,0,1,2021-06-03 22:07:28,2021-10-29 12:59:15,0.09,0.09,136.4,,True
2985.01,2985,168384845,168384845.01,1,PC,11h05m55.17s,166.479877,,,-27d46m06.02s,-27.768338,,,-8.782,0.043,-0.043,0.0,1.0,3.373,0.034,-0.034,0.0,1.0,2458563.068798,0.005095,-0.005095,0,1,3.8996784,0.001763,-0.001763,0,1,4.668,0.45,-0.45,0,1,3420.0,6.34411,-6.34411,0,1,12.1415,0.868678,-0.868678,0,1,1690.71,,,,,1786.0,,,,,12.9575,0.007,-0.007,0,1,1262.02,38.39,-38.39,0,1,6382.0,128.6,-128.6,0,1,3.94,0.09,-0.09,0,1,2.01,0.11,-0.11,0,1,2021-06-04 01:29:38,2022-08-18 12:02:41,0.11,0.09,128.6,,True
2987.01,2987,141631253,141631253.01,1,PC,08h39m12.64s,129.802678,,,-44d22m12.18s,-44.370051,,,-4.506,0.055,-0.055,0.0,1.0,5.554,0.044,-0.044,0.0,1.0,2458566.46965,0.004006,-0.004006,0,1,1.6709636,0.0002754,-0.0002754,0,1,1.874,0.328,-0.328,0,1,1250.0,3.28286,-3.28286,0,1,4.6934,0.314901,-0.314901,0,1,2444.54,,,,,1958.0,,,,,10.8521,0.006,-0.006,0,1,327.463,3.259,-3.259,0,1,7051.0,133.5,-133.5,0,1,4.42,0.09,-0.09,0,1,1.27,0.05,-0.05,0,1,2021-06-04 01:29:39,2022-03-23 12:02:08,0.05,0.09,133.5,,True
302.01,302,229111835,229111835.01,1,PC,01h09m55.51s,17.481278,,,-52d14m22.15s,-52.239486,,,70.771,0.02,-0.02,0.0,1.0,-3.161,0.023,-0.023,0.0,1.0,2458356.68237,0.00169,-0.00169,0,1,6.70145,0.00101,-0.00101,0,1,1.579,0.172,-0.172,0,1,10940.0,17.7796,-17.7796,0,1,8.15246,0.860646,-0.860646,0,1,10.4754,,,,,501.0,,,,,12.9317,0.006,-0.006,0,1,195.124,0.5595,-0.5595,0,1,4130.0,128.0,-128.0,0,1,4.51,0.11,-0.11,0,1,0.74,0.07,-0.07,0,1,2018-12-20 19:43:30,2021-10-29 12:59:15,0.07,0.11,128.0,,True
3118.01,3118,58461209,58461209.01,1,PC,13h25m30.45s,201.376867,,,-28d24m49.11s,-28.413642,,,6.73,0.082,-0.082,0.0,1.0,-18.318,0.104,-0.104,0.0,1.0,2458594.480161,0.003285,-0.003285,0,1,3.8098324,0.0009063,-0.0009063,0,1,3.881,0.353,-0.353,0,1,3250.0,2.83471,-2.83471,0,1,10.3911,0.708867,-0.708867,0,1,618.962,,,,,1389.0,,,,,11.4553,0.008,-0.008,0,1,423.105,11.3365,-11.3365,0,1,5406.0,129.2,-129.2,0,1,3.91,0.09,-0.09,0,1,1.78,0.11,-0.11,0,1,2021-06-04 01:36:37,2021-10-29 12:59:15,0.11,0.09,129.2,,True
3176.01,3176,389999924,389999924.01,1,PC,10h40m26.05s,160.108553,,,-62d41m09.47s,-62.685964,,,1.398,0.027,-0.027,0.0,1.0,-3.274,0.027,-0.027,0.0,1.0,2458621.256062,0.010436,-0.010436,0,1,4.7607378,0.0016464,-0.0016464,0,1,5.127,0.912,-0.912,0,1,6860.0,1579.28,-1579.28,0,1,13.8561,5.19765,-5.19765,0,1,3781.32,,,,,2184.0,,,,,12.6453,0.006,-0.006,0,1,546.557,4.579,-4.579,0,1,6213.0,134.8,-134.8,0,1,4.37,0.08,-0.08,0,1,1.18,0.05,-0.05,0,1,2021-06-04 13:54:21,2022-04-19 12:02:07,0.05,0.08,134.8,,True
3244.01,3244,208091447,208091447.01,1,PC,13h51m34.22s,207.892594,,,-59d45m45.85s,-59.762737,,,-8.286,0.029,-0.029,0.0,1.0,-5.243,0.047,-0.047,0.0,1.0,2458620.951574,0.004763,-0.004763,0,1,4.6606892,0.0017508,-0.0017508,0,1,2.863,0.367,-0.367,0,1,6370.0,15.2159,-15.2159,0,1,21.5363,1.43902,-1.43902,0,1,1436.15,,,,,1715.0,,,,,12.3921,0.014,-0.014,0,1,1206.98,44.375,-44.375,0,1,8608.0,210.9,-210.9,0,1,3.94,0.07,-0.07,0,1,2.6,0.11,-0.11,0,1,2021-06-04 13:54:30,2021-10-29 12:59:15,0.11,0.07,210.9,,True
3296.01,3296,456560485,456560485.01,1,PC,18h46m14.13s,281.55889,,,-57d41m39.71s,-57.694363,,,-2.528,0.048,-0.048,0.0,1.0,-27.372,0.042,-0.042,0.0,1.0,2458678.204613,0.003029,-0.003029,0,1,5.9493696,0.0012285,-0.0012285,0,1,3.678,0.276,-0.276,0,1,10370.0,7.23767,-7.23767,0,1,11.8844,0.715727,-0.715727,0,1,235.266,,,,,1091.0,,,,,12.3726,0.006,-0.006,0,1,437.919,6.7155,-6.7155,0,1,5590.0,131.1,-131.1,0,1,4.31,0.08,-0.08,0,1,1.15,0.06,-0.06,0,1,2021-06-04 14:05:38,2021-10-29 12:59:15,0.06,0.08,131.1,,True
3321.01,3321,306648160,306648160.01,1,PC,17h43m02.48s,265.760335,,,-65d00m29.71s,-65.008252,,,0.113,0.046,-0.046,0.0,1.0,-1.961,0.049,-0.049,0.0,1.0,2458681.48892,0.000529,-0.000529,0,1,3.6525305,7.52e-05,-7.52e-05,0,1,4.153,0.07,-0.07,0,1,9770.0,0.392199,-0.392199,0,1,14.7302,0.716888,-0.716888,0,1,967.919,,,,,1553.0,,,,,10.6651,0.006,-0.006,0,1,285.895,3.281,-3.281,0,1,5930.0,129.2,-129.2,0,1,4.14,0.08,-0.08,0,1,1.47,0.07,-0.07,0,1,2021-06-04 14:05:42,2022-05-02 12:03:06,0.07,0.08,129.2,,True
3334.01,3334,160930264,160930264.01,1,PC,18h24m10.02s,276.041754,,,-51d02m11.94s,-51.036649,,,-2.33,0.034,-0.034,0.0,1.0,-8.422,0.032,-0.032,0.0,1.0,2458680.862806,0.002022,-0.002022,0,1,1.9242952,0.0002792,-0.0002792,0,1,3.075,0.155,-0.155,0,1,12690.0,6.66582,-6.66582,0,1,16.9815,0.94611,-0.94611,0,1,2478.4,,,,,1965.0,,,,,12.8757,0.006,-0.006,0,1,851.085,13.6305,-13.6305,0,1,6324.3,126.2,-126.2,0,1,4.19,0.09,-0.09,0,1,1.48,0.07,-0.07,0,1,2021-06-04 14:05:44,2021-10-29 12:59:15,0.07,0.09,126.2,,True
3335.01,3335,120033290,120033290.01,1,PC,18h36m26.24s,279.109348,,,-57d27m08.63s,-57.452396,,,-2.026,0.073,-0.073,0.0,1.0,0.723,0.066,-0.066,0.0,1.0,2458682.073691,0.003286,-0.003286,0,1,2.265394,0.000567,-0.000567,0,1,3.478,0.349,-0.349,0,1,4540.0,4.40374,-4.40374,0,1,12.6882,1.03445,-1.03445,0,1,1585.08,,,,,1757.0,,,,,12.5521,0.006,-0.006,0,1,744.585,38.19,-38.19,0,1,5568.0,128.3,-128.3,0,1,3.89,0.1,-0.1,0,1,1.86,0.14,-0.14,0,1,2021-06-04 14:05:44,2021-10-29 12:59:15,0.14,0.1,128.3,,True
3344.01,3344,57093805,57093805.01,1,PC,18h09m48.23s,272.450977,,,-31d53m29.56s,-31.891545,,,-9.895,0.115,-0.115,0.0,1.0,-3.343,0.093,-0.093,0.0,1.0,2458678.653544,0.00372,-0.00372,0,1,3.2229781,0.0011213,-0.0011213,0,1,3.793,0.871,-0.871,0,1,9310.0,405.136,-405.136,0,1,14.58,2.97346,-2.97346,0,1,2054.13,,,,,1875.0,,,,,10.9308,0.007,-0.007,0,1,248.097,5.077,-5.077,0,1,5488.0,139.9,-139.9,0,1,4.2,0.08,-0.08,0,1,1.29,0.07,-0.07,0,1,2021-06-04 14:05:45,2021-10-29 12:59:15,0.07,0.08,139.9,,True
3346.01,3346,6404965,6404965.01,1,PC,18h54m39.59s,283.664945,,,-47d59m39.28s,-47.994244,,,-19.549,0.063,-0.063,0.0,1.0,-95.54,0.058,-0.058,0.0,1.0,2458681.381272,0.003443,-0.003443,0,1,4.8692603,0.0013765,-0.0013765,0,1,2.538,0.686,-0.686,0,1,5510.0,600.394,-600.394,0,1,6.32448,1.96147,-1.96147,0,1,215.764,,,,,1067.0,,,,,11.9812,0.006,-0.006,0,1,132.574,0.7525,-0.7525,0,1,4323.0,124.0,-124.0,0,1,4.58,0.1,-0.1,0,1,0.7,0.06,-0.06,0,1,2021-06-04 14:05:45,2021-10-29 12:59:15,0.06,0.1,124.0,,True
3386.01,3386,174426662,174426662.01,1,PC,07h37m16.23s,114.317625,,,-36d16m23.38s,-36.27316,,,-3.873,0.047,-0.047,0.0,1.0,-0.587,0.048,-0.048,0.0,1.0,2458540.32689,0.005397,-0.005397,0,1,0.8855539,0.0001508,-0.0001508,0,1,1.034,0.356,-0.356,0,1,1900.0,20.3194,-20.3194,0,1,5.05228,0.606624,-0.606624,0,1,1788.08,,,,,1811.0,,,,,12.4768,0.006,-0.006,0,1,511.818,8.048,-8.048,0,1,6446.0,135.2,-135.2,0,1,4.45,0.09,-0.09,0,1,1.13,0.05,-0.05,0,1,2021-06-16 22:56:25,2021-11-29 12:02:15,0.05,0.09,135.2,,True
3571.01,3571,2010186093,2010186093.01,1,PC,21h53m49.31s,328.455439,,,+47d23m32.13s,47.392259,,,-10.736,0.046,-0.046,0.0,1.0,-8.709,0.046,-0.046,0.0,1.0,2458758.872339,0.000967,-0.000967,0,1,3.007299,0.000274,-0.000274,0,1,3.308,0.156,-0.156,0,1,9300.0,3.3596,-3.3596,0,1,18.0317,0.834582,-0.834582,0,1,2344.93,,,,,1938.0,,,,,11.5752,0.034,-0.034,0,1,654.254,12.4675,-12.4675,0,1,7457.0,287.0,-287.0,0,1,4.14,0.09,-0.09,0,1,1.85,0.08,-0.08,0,1,2021-06-23 15:13:14,2021-10-29 12:59:15,0.08,0.09,287.0,,True
3573.01,3573,407905370,407905370.01,1,PC,22h27m59.67s,336.998619,,,+38d17m09.42s,38.28595,,,0.893,0.034,-0.034,0.0,1.0,-9.378,0.045,-0.045,0.0,1.0,2458747.792229,0.00206,-0.00206,0,1,9.8170028,0.000614,-0.000614,0,1,3.341,1.099,-1.099,0,1,6510.0,24.1325,-24.1325,0,1,12.7271,1.00248,-1.00248,0,1,196.707,,,,,1043.0,,,,,11.438,0.007,-0.007,0,1,412.387,5.3875,-5.3875,0,1,5994.3,116.9,-116.9,0,1,4.13,0.08,-0.08,0,1,1.49,0.07,-0.07,0,1,2021-06-23 15:13:14,2021-10-29 12:59:15,0.07,0.08,116.9,,True
3640.01,3640,200917197,200917197.01,1,PC,03h38m09.18s,54.53824,,,+40d28m31.99s,40.475552,,,1.229,0.147,-0.147,0.0,1.0,-0.771,0.104,-0.104,0.0,1.0,2458811.5838,0.002926,-0.002926,0,1,1.2195048,0.0002924,-0.0002924,0,1,1.503,0.281,-0.281,0,1,3130.0,8.95885,-8.95885,0,1,20.0257,3.55068,-3.55068,0,1,5350.66,,,,,2382.0,,,,,12.1395,0.008,-0.008,0,1,2005.29,318.285,-318.285,0,1,8273.0,138.2,-138.2,0,1,3.66,0.16,-0.16,0,1,3.49,0.59,-0.59,0,1,2021-06-23 15:17:46,2021-12-21 12:01:51,0.59,0.16,138.2,,True
3642.01,3642,186614891,186614891.01,1,PC,03h00m35.58s,45.148251,,,+39d56m06.4s,39.93511,,,10.431,0.05,-0.05,0.0,1.0,-10.109,0.043,-0.043,0.0,1.0,2458808.187375,0.00101,-0.00101,0,1,4.0844,0.0004306,-0.0004306,0,1,1.932,0.33,-0.33,0,1,20090.0,28.1477,-28.1477,0,1,14.1013,0.961415,-0.961415,0,1,141.24,,,,,960.0,,,,,12.5822,0.008,-0.008,0,1,379.963,5.888,-5.888,0,1,5458.0,131.5,-131.5,0,1,4.45,0.08,-0.08,0,1,0.96,0.05,-0.05,0,1,2021-06-23 15:17:46,2021-10-29 12:59:15,0.05,0.08,131.5,,True
3644.01,3644,445496795,445496795.01,1,PC,01h58m58.16s,29.742342,,,+56d51m27.94s,56.85776,,,5.248,0.06,-0.06,0.0,1.0,-2.653,0.078,-0.078,0.0,1.0,2458813.221086,0.006159,-0.006159,0,1,1.833122,0.0008546,-0.0008546,0,1,1.922,0.371,-0.371,0,1,2310.0,10.4426,-10.4426,0,1,13.3586,1.23701,-1.23701,0,1,2390.93,,,,,1948.0,,,,,12.1497,0.009,-0.009,0,1,1204.71,54.355,-54.355,0,1,7308.0,136.0,-136.0,0,1,3.79,0.09,-0.09,0,1,2.7,0.16,-0.16,0,1,2021-06-23 15:17:46,2022-04-20 12:06:50,0.16,0.09,136.0,,True
3645.01,3645,184733148,184733148.01,1,PC,02h12m21.17s,33.088189,,,+36d19m56.18s,36.332272,,,3.816,0.046,-0.046,0.0,1.0,-2.582,0.049,-0.049,0.0,1.0,2458809.37043,0.001549,-0.001549,0,1,2.9597201,0.0005572,-0.0005572,0,1,2.608,0.38,-0.38,0,1,11930.0,11.5358,-11.5358,0,1,12.3734,0.77437,-0.77437,0,1,553.862,,,,,1351.0,,,,,12.851,0.007,-0.007,0,1,541.244,9.5105,-9.5105,0,1,5585.0,122.3,-122.3,0,1,4.33,0.08,-0.08,0,1,1.13,0.06,-0.06,0,1,2021-06-23 15:17:46,2022-01-16 12:02:35,0.06,0.08,122.3,,True
3651.01,3651,415976665,415976665.01,1,PC,02h18m15.01s,34.562558,,,+44d05m16.76s,44.087989,,,9.393,0.07,-0.07,0.0,1.0,-9.299,0.072,-0.072,0.0,1.0,2458813.528997,0.005485,-0.005485,0,1,1.5258908,0.0006971,-0.0006971,0,1,1.524,0.412,-0.412,0,1,1530.0,951.422,-951.422,0,1,13.0167,6.33375,-6.33375,0,1,9800.5,,,,,2771.0,,,,,11.4822,0.008,-0.008,0,1,626.174,23.0465,-23.0465,0,1,6714.1,145.2,-145.2,0,1,4.06,0.1,-0.1,0,1,1.85,0.11,-0.11,0,1,2021-06-23 15:17:47,2021-12-21 12:01:51,0.11,0.1,145.2,,True
3652.01,3652,116848450,116848450.01,1,PC,03h07m04.99s,46.770809,,,+49d00m37.09s,49.010302,,,0.029,0.065,-0.065,0.0,1.0,-4.544,0.061,-0.061,0.0,1.0,2458806.713852,0.002308,-0.002308,0,1,3.4813805,0.0011255,-0.0011255,0,1,3.985,0.888,-0.888,0,1,4280.0,5.97289,-5.97289,0,1,19.9279,1.35201,-1.35201,0,1,2604.85,,,,,1990.0,,,,,11.7419,0.016,-0.016,0,1,928.908,32.195,-32.195,0,1,6841.0,164.6,-164.6,0,1,3.66,0.09,-0.09,0,1,2.97,0.16,-0.16,0,1,2021-06-23 15:17:47,2021-12-21 12:01:51,0.16,0.09,164.6,,True
3654.01,3654,396556650,396556650.01,1,PC,02h37m25.69s,39.357061,,,+42d58m16.4s,42.971222,,,5.038,0.118,-0.118,0.0,1.0,-1.763,0.109,-0.109,0.0,1.0,2458814.364165,0.003659,-0.003659,0,1,2.277182,0.0006275,-0.0006275,0,1,1.675,0.289,-0.289,0,1,5220.0,11.5905,-11.5905,0,1,8.26117,0.726829,-0.726829,0,1,394.584,,,,,1241.0,,,,,12.7096,0.007,-0.007,0,1,500.459,23.138,-23.138,0,1,5622.0,127.6,-127.6,0,1,4.34,0.09,-0.09,0,1,1.12,0.08,-0.08,0,1,2021-06-23 15:17:47,2021-12-21 12:01:51,0.08,0.09,127.6,,True
3660.01,3660,67517533,67517533.01,1,PC,01h58m03.34s,29.513926,,,+41d13m12.89s,41.220248,,,8.679,0.047,-0.047,0.0,1.0,-0.732,0.039,-0.039,0.0,1.0,2458810.022883,0.001374,-0.001374,0,1,3.9491382,0.0006254,-0.0006254,0,1,1.416,0.173,-0.173,0,1,10080.0,14.1975,-14.1975,0,1,15.3227,0.932959,-0.932959,0,1,138.058,,,,,954.0,,,,,12.8235,0.007,-0.007,0,1,843.524,18.256,-18.256,0,1,6373.0,128.6,-128.6,0,1,4.22,0.09,-0.09,0,1,1.44,0.07,-0.07,0,1,2021-06-23 15:17:48,2021-12-21 12:01:51,0.07,0.09,128.6,,True
3663.01,3663,354151219,354151219.01,1,PC,01h24m42.56s,21.177329,,,+51d40m18.68s,51.671855,,,-5.113,0.066,-0.066,0.0,1.0,-0.221,0.062,-0.062,0.0,1.0,2458809.803812,0.00529,-0.00529,0,1,3.5639033,0.0008821,-0.0008821,0,1,2.111,0.452,-0.452,0,1,1470.0,5.1068,-5.1068,0,1,9.64789,0.826615,-0.826615,0,1,657.804,,,,,1410.0,,,,,11.5917,0.012,-0.012,0,1,774.636,23.2995,-23.2995,0,1,6940.9,137.1,-137.1,0,1,3.85,0.1,-0.1,0,1,2.41,0.14,-0.14,0,1,2021-06-23 15:17:49,2021-12-21 12:01:51,0.14,0.1,137.1,,True
3664.01,3664,348437470,348437470.01,1,PC,02h21m14.04s,35.308494,,,+59d42m42.69s,59.711857,,,-7.624,0.045,-0.045,0.0,1.0,8.731,0.04,-0.04,0.0,1.0,2458811.931004,0.003775,-0.003775,0,1,3.2963391,0.0010879,-0.0010879,0,1,2.233,0.32,-0.32,0,1,13000.0,34.8496,-34.8496,0,1,13.613,1.0374,-1.0374,0,1,283.713,,,,,1143.0,,,,,12.91,0.006,-0.006,0,1,464.748,4.821,-4.821,0,1,5556.0,213.2,-213.2,0,1,4.29,0.09,-0.09,0,1,1.18,0.06,-0.06,0,1,2021-06-23 15:17:49,2021-10-29 12:59:15,0.06,0.09,213.2,,True
3665.01,3665,65440953,65440953.01,1,PC,03h36m51.6s,54.214981,,,+44d46m11.45s,44.769846,,,-23.228,0.12,-0.12,0.0,1.0,-14.648,0.106,-0.106,0.0,1.0,2458812.783914,0.006459,-0.006459,0,1,0.8746494,0.0004607,-0.0004607,0,1,1.576,0.307,-0.307,0,1,1910.0,8.91633,-8.91633,0,1,3.71319,0.355009,-0.355009,0,1,1522.95,,,,,1740.0,,,,,12.4829,0.006,-0.006,0,1,244.03,3.499,-3.499,0,1,4977.4,111.6,-111.6,0,1,4.54,0.09,-0.09,0,1,0.81,0.05,-0.05,0,1,2021-06-23 15:17:49,2022-07-06 12:02:40,0.05,0.09,111.6,,True
3668.01,3668,467580267,467580267.01,1,PC,03h12m52.43s,48.218476,,,+35d05m36.44s,35.093455,,,-8.21,0.081,-0.081,0.0,1.0,-7.941,0.072,-0.072,0.0,1.0,2458814.140754,0.002839,-0.002839,0,1,0.7408095,0.0001532,-0.0001532,0,1,1.38,0.213,-0.213,0,1,2180.0,4.85817,-4.85817,0,1,13.2268,1.0499,-1.0499,0,1,3171.9,,,,,2090.0,,,,,11.2959,0.007,-0.007,0,1,647.3,26.9945,-26.9945,0,1,5921.0,120.4,-120.4,0,1,3.6,0.08,-0.08,0,1,2.73,0.17,-0.17,0,1,2021-06-23 15:17:49,2022-04-20 12:06:50,0.17,0.08,120.4,,True
3670.01,3670,331854794,331854794.01,1,PC,01h14m40.72s,18.669659,,,+57d04m39.69s,57.077693,,,17.254,0.03,-0.03,0.0,1.0,-8.567,0.031,-0.031,0.0,1.0,2458814.297099,0.003049,-0.003049,0,1,2.1944009,0.0005461,-0.0005461,0,1,1.574,0.366,-0.366,0,1,6950.0,1674.97,-1674.97,0,1,13.0165,4.80376,-4.80376,0,1,1116.14,,,,,1610.0,,,,,12.8464,0.006,-0.006,0,1,477.19,4.522,-4.522,0,1,5601.5,121.3,-121.3,0,1,4.39,0.08,-0.08,0,1,1.05,0.06,-0.06,0,1,2021-06-23 15:17:50,2021-10-29 12:59:15,0.06,0.08,121.3,,True
3671.01,3671,312345863,312345863.01,1,PC,00h49m37.82s,12.407578,,,+56d00m05.58s,56.001551,,,-1.936,0.024,-0.024,0.0,1.0,-9.655,0.025,-0.025,0.0,1.0,2458814.77564,0.003759,-0.003759,0,1,1.726988,0.0002331,-0.0002331,0,1,1.207,0.306,-0.306,0,1,10170.0,83.183,-83.183,0,1,14.9245,1.58904,-1.58904,0,1,472.892,,,,,1299.0,,,,,12.9892,0.015,-0.015,0,1,749.29,13.224,-13.224,0,1,5972.0,151.6,-151.6,0,1,4.18,0.08,-0.08,0,1,1.41,0.07,-0.07,0,1,2021-06-23 15:17:50,2021-10-29 12:59:15,0.07,0.08,151.6,,True
3679.01,3679,285354178,285354178.01,1,PC,02h24m30.41s,36.126714,,,+35d31m41.96s,35.528321,,,31.857,0.042,-0.042,0.0,1.0,-3.112,0.045,-0.045,0.0,1.0,2458805.922482,0.000871,-0.000871,0,1,5.9655392,0.000682,-0.000682,0,1,2.933,0.329,-0.329,0,1,20000.0,19.2437,-19.2437,0,1,12.8621,0.790853,-0.790853,0,1,134.161,,,,,948.0,,,,,12.8397,0.007,-0.007,0,1,391.982,3.8365,-3.8365,0,1,5418.0,118.2,-118.2,0,1,4.51,0.08,-0.08,0,1,0.89,0.05,-0.05,0,1,2021-06-23 15:17:51,2021-10-29 12:59:15,0.05,0.08,118.2,,True
3683.01,3683,264912889,264912889.01,1,PC,02h43m49.99s,40.958303,,,+54d46m49.43s,54.780398,,,-0.574,0.058,-0.058,0.0,1.0,-7.291,0.061,-0.061,0.0,1.0,2458810.702449,0.002341,-0.002341,0,1,1.3694262,0.0002906,-0.0002906,0,1,1.5,0.245,-0.245,0,1,3580.0,6.6735,-6.6735,0,1,13.1341,0.955577,-0.955577,0,1,2490.45,,,,,1968.0,,,,,11.4374,0.021,-0.021,0,1,685.249,15.721,-15.721,0,1,7321.3,132.5,-132.5,0,1,3.99,0.09,-0.09,0,1,2.15,0.12,-0.12,0,1,2021-06-23 15:17:51,2021-12-21 12:01:51,0.12,0.09,132.5,,True
3686.01,3686,13533330,13533330.01,1,PC,02h27m36.14s,36.900563,,,+59d57m09.8s,59.952721,,,-13.858,0.063,-0.063,0.0,1.0,-3.451,0.073,-0.073,0.0,1.0,2458812.868484,0.000783,-0.000783,0,1,5.0776365,0.0003007,-0.0003007,0,1,3.733,0.091,-0.091,0,1,15700.0,2.81086,-2.81086,0,1,15.3718,0.946952,-0.946952,0,1,242.801,,,,,1099.0,,,,,11.2381,0.006,-0.006,0,1,255.803,2.09,-2.09,0,1,5262.0,159.8,-159.8,0,1,4.2,0.09,-0.09,0,1,1.24,0.07,-0.07,0,1,2021-06-23 15:17:52,2021-11-19 12:02:23,0.07,0.09,159.8,,True
3688.01,3688,245509452,245509452.01,1,PC,02h37m07.76s,39.282337,,,+54d51m04.37s,54.851215,,,18.844,0.067,-0.067,0.0,1.0,-11.37,0.069,-0.069,0.0,1.0,2458812.66022,0.004569,-0.004569,0,1,3.2468565,0.0012638,-0.0012638,0,1,3.208,0.26,-0.26,0,1,7920.0,10.8331,-10.8331,0,1,12.1054,0.774852,-0.774852,0,1,862.326,,,,,1509.0,,,,,11.8433,0.013,-0.013,0,1,396.378,5.9425,-5.9425,0,1,6088.0,151.3,-151.3,0,1,4.24,0.08,-0.08,0,1,1.35,0.07,-0.07,0,1,2021-06-23 15:17:52,2021-11-19 12:02:23,0.07,0.08,151.3,,True
3690.01,3690,240989628,240989628.01,1,PC,01h18m40.85s,19.670217,,,+52d41m57.97s,52.699436,,,19.12,0.069,-0.069,0.0,1.0,-3.462,0.063,-0.063,0.0,1.0,2458808.782454,0.00204,-0.00204,0,1,10.0753549,0.0009154,-0.0009154,0,1,1.11,0.169,-0.169,0,1,4820.0,15.7305,-15.7305,0,1,7.80496,0.763484,-0.763484,0,1,4.39054,,,,,403.0,,,,,11.9017,0.006,-0.006,0,1,219.829,1.9525,-1.9525,0,1,4798.6,106.2,-106.2,0,1,4.36,0.1,-0.1,0,1,0.97,0.08,-0.08,0,1,2021-06-23 15:17:52,2021-12-21 12:01:51,0.08,0.1,106.2,,True
3691.01,3691,240959810,240959810.01,1,PC,01h15m05.54s,18.773067,,,+53d07m03.67s,53.117687,,,-1.337,0.04,-0.04,0.0,1.0,-5.154,0.043,-0.043,0.0,1.0,2458812.00456,0.00221,-0.00221,0,1,3.3414552,0.0005914,-0.0005914,0,1,3.449,0.22,-0.22,0,1,10250.0,5.18253,-5.18253,0,1,13.3413,0.658463,-0.658463,0,1,1338.93,,,,,1685.0,,,,,12.6772,0.006,-0.006,0,1,607.498,8.9125,-8.9125,0,1,6702.0,155.1,-155.1,0,1,4.36,0.09,-0.09,0,1,1.3,0.06,-0.06,0,1,2021-06-23 15:17:52,2021-12-21 12:01:51,0.06,0.09,155.1,,True
3693.01,3693,240823272,240823272.01,1,PC,01h02m37.05s,15.654394,,,+51d18m14.01s,51.303892,,,-6.931,0.064,-0.064,0.0,1.0,-21.334,0.071,-0.071,0.0,1.0,2458806.681481,0.000814,-0.000814,0,1,9.0881638,0.0003139,-0.0003139,0,1,3.402,0.092,-0.092,0,1,24660.0,3.40598,-3.40598,0,1,12.8974,0.762001,-0.762001,0,1,57.0645,,,,,765.0,,,,,11.419,0.006,-0.006,0,1,176.436,1.216,-1.216,0,1,5211.0,134.1,-134.1,0,1,4.58,0.08,-0.08,0,1,0.8,0.05,-0.05,0,1,2021-06-23 15:17:53,2022-02-24 12:02:57,0.05,0.08,134.1,,True
3694.01,3694,470822809,470822809.01,1,PC,01h33m43.72s,23.432187,,,+59d25m32.17s,59.425604,,,-7.019,0.018,-0.018,0.0,1.0,-19.99,0.027,-0.027,0.0,1.0,2458812.951218,0.005923,-0.005923,0,1,2.5400911,0.0012765,-0.0012765,0,1,1.668,0.36,-0.36,0,1,4260.0,24.6267,-24.6267,0,1,5.00683,0.601564,-0.601564,0,1,102.529,,,,,886.0,,,,,12.6639,0.006,-0.006,0,1,188.226,0.6715,-0.6715,0,1,4245.0,140.1,-140.1,0,1,4.49,0.1,-0.1,0,1,0.77,0.07,-0.07,0,1,2021-06-23 15:17:53,2021-10-29 12:59:15,0.07,0.1,140.1,,True
3696.01,3696,202872757,202872757.01,1,PC,02h26m52.58s,36.719078,,,+45d02m16.67s,45.037963,,,6.189,0.1,-0.1,0.0,1.0,-6.484,0.079,-0.079,0.0,1.0,2458810.171641,0.003381,-0.003381,0,1,4.42477,0.0013936,-0.0013936,0,1,4.309,0.428,-0.428,0,1,4430.0,5.2964,-5.2964,0,1,12.8643,1.04073,-1.04073,0,1,932.683,,,,,1539.0,,,,,12.4838,0.008,-0.008,0,1,866.835,45.374,-45.374,0,1,6120.1,137.5,-137.5,0,1,3.96,0.09,-0.09,0,1,1.86,0.13,-0.13,0,1,2021-06-23 15:17:53,2021-12-21 12:01:51,0.13,0.09,137.5,,True
3698.01,3698,266425782,266425782.01,1,PC,05h51m32.16s,87.883981,,,+36d47m14.28s,36.7873,,,2.524,0.053,-0.053,0.0,1.0,-14.11,0.042,-0.042,0.0,1.0,2458836.833612,0.004472,-0.004472,0,1,2.3458931,0.0009247,-0.0009247,0,1,3.881,0.417,-0.417,0,1,5280.0,6.77638,-6.77638,0,1,12.8182,0.84245,-0.84245,0,1,2675.81,,,,,2003.0,,,,,12.488,0.015,-0.015,0,1,741.97,15.147,-15.147,0,1,6121.8,106.5,-106.5,0,1,4.0,0.08,-0.08,0,1,1.78,0.09,-0.09,0,1,2021-06-23 15:18:23,2021-12-21 12:01:51,0.09,0.08,106.5,,True
3699.01,3699,266401846,266401846.01,1,PC,04h03m44.98s,60.937413,,,+50d14m10.34s,50.236205,,,2.378,0.046,-0.046,0.0,1.0,-3.838,0.036,-0.036,0.0,1.0,2458837.89158,0.001996,-0.001996,0,1,3.044164,0.0005658,-0.0005658,0,1,2.895,0.309,-0.309,0,1,11180.0,9.82793,-9.82793,0,1,17.6937,0.968942,-0.968942,0,1,1459.0,,,,,1721.0,,,,,12.7775,0.027,-0.027,0,1,770.947,15.8075,-15.8075,0,1,7046.0,223.5,-223.5,0,1,4.19,0.09,-0.09,0,1,1.66,0.07,-0.07,0,1,2021-06-23 15:18:23,2021-10-29 12:59:15,0.07,0.09,223.5,,True
3700.01,3700,417676091,417676091.01,1,PC,05h29m00.21s,82.250858,,,+68d28m53.06s,68.481405,,,-2.47,0.019,-0.019,0.0,1.0,1.887,0.023,-0.023,0.0,1.0,2458837.028531,0.002229,-0.002229,0,1,4.4174434,0.000802,-0.000802,0,1,3.238,0.267,-0.267,0,1,13700.0,10.9601,-10.9601,0,1,13.1521,0.742907,-0.742907,0,1,487.229,,,,,1308.0,,,,,12.8166,0.007,-0.007,0,1,600.806,5.86,-5.86,0,1,6166.0,129.0,-129.0,0,1,4.41,0.09,-0.09,0,1,1.12,0.05,-0.05,0,1,2021-06-23 15:18:23,2021-10-29 12:59:15,0.05,0.09,129.0,,True
3703.01,3703,260962960,260962960.01,1,PC,05h04m22.18s,76.092396,,,+44d20m02.79s,44.334107,,,1.876,0.08,-0.08,0.0,1.0,-5.63,0.066,-0.066,0.0,1.0,2458835.70255,0.00369,-0.00369,0,1,3.8880894,0.0014244,-0.0014244,0,1,3.988,0.455,-0.455,0,1,8560.0,6.32323,-6.32323,0,1,21.0458,1.27118,-1.27118,0,1,1306.01,,,,,1674.0,,,,,12.3653,0.017,-0.017,0,1,786.966,26.313,-26.313,0,1,6530.0,157.0,-157.0,0,1,3.87,0.09,-0.09,0,1,2.24,0.12,-0.12,0,1,2021-06-23 15:18:23,2021-12-21 12:01:51,0.12,0.09,157.0,,True
3708.01,3708,251652214,251652214.01,1,PC,03h04m37.31s,46.155455,,,+59d21m24.93s,59.356926,,,22.477,0.042,-0.042,0.0,1.0,-6.954,0.074,-0.074,0.0,1.0,2458826.58031,0.001359,-0.001359,0,1,7.2733247,0.0005349,-0.0005349,0,1,4.362,0.164,-0.164,0,1,13090.0,2.27587,-2.27587,0,1,13.2853,0.778266,-0.778266,0,1,182.983,,,,,1024.0,,,,,11.9786,0.006,-0.006,0,1,313.908,3.178,-3.178,0,1,5400.0,277.5,-277.5,0,1,4.3,0.09,-0.09,0,1,1.13,0.06,-0.06,0,1,2021-06-23 15:18:24,2021-11-19 12:02:23,0.06,0.09,277.5,,True
3714.01,3714,155867025,155867025.01,1,PC,04h38m12.56s,69.552342,,,+39d27m28.81s,39.458003,,,19.7,0.087,-0.087,0.0,1.0,-70.764,0.049,-0.049,0.0,1.0,2458840.510859,0.000728,-0.000728,0,1,2.1548334,0.0001509,-0.0001509,0,1,1.547,0.066,-0.066,0,1,45880.0,14.3923,-14.3923,0,1,11.1785,0.393427,-0.393427,0,1,40.7864,,,,,704.0,,,,,13.1751,0.007,-0.007,0,1,112.71,0.5825,-0.5825,0,1,3538.0,157.0,-157.0,0,1,4.73,0.01,-0.01,0,1,0.51,0.02,-0.02,0,1,2021-06-23 15:18:25,2021-10-29 12:59:15,0.02,0.01,157.0,,True
3717.01,3717,348099535,348099535.01,1,PC,04h39m51.83s,69.965956,,,+46d40m10s,46.669445,,,0.712,0.096,-0.096,0.0,1.0,0.494,0.087,-0.087,0.0,1.0,2458823.030985,0.00666,-0.00666,0,1,10.1182835,0.0055293,-0.0055293,0,1,2.645,0.604,-0.604,0,1,3120.0,13.3462,-13.3462,0,1,10.4862,0.880676,-0.880676,0,1,147.401,,,,,970.0,,,,,11.5813,0.015,-0.015,0,1,505.231,15.077,-15.077,0,1,7253.0,164.5,-164.5,0,1,4.13,0.09,-0.09,0,1,1.82,0.09,-0.09,0,1,2021-06-23 15:18:25,2022-04-20 12:06:50,0.09,0.09,164.5,,True
3718.01,3718,417942201,417942201.01,1,PC,04h22m51.28s,65.713648,,,+41d07m31.13s,41.125315,,,0.428,0.109,-0.109,0.0,1.0,-0.373,0.06,-0.06,0.0,1.0,2458834.649331,0.004916,-0.004916,0,1,4.230596,0.0020719,-0.0020719,0,1,4.263,0.526,-0.526,0,1,3770.0,7.23992,-7.23992,0,1,12.1709,0.919293,-0.919293,0,1,1263.61,,,,,1661.0,,,,,12.1578,0.011,-0.011,0,1,767.821,30.4245,-30.4245,0,1,6455.1,100.8,-100.8,0,1,3.94,0.1,-0.1,0,1,2.02,0.12,-0.12,0,1,2021-06-23 15:18:25,2022-04-20 12:06:50,0.12,0.1,100.8,,True
3719.01,3719,150074121,150074121.01,1,PC,04h13m08.8s,63.286661,,,+54d34m19.54s,54.572095,,,8.47,0.036,-0.036,0.0,1.0,-10.702,0.028,-0.028,0.0,1.0,2458840.449743,0.002002,-0.002002,0,1,1.2220299,0.0001801,-0.0001801,0,1,1.643,0.199,-0.199,0,1,8730.0,10.632,-10.632,0,1,14.0931,0.978272,-0.978272,0,1,2375.65,,,,,1944.0,,,,,12.8297,0.021,-0.021,0,1,583.038,8.4205,-8.4205,0,1,6629.1,124.4,-124.4,0,1,4.24,0.1,-0.1,0,1,1.48,0.09,-0.09,0,1,2021-06-23 15:18:26,2022-07-20 12:03:42,0.09,0.1,124.4,,True
3720.01,3720,347051112,347051112.01,1,PC,04h02m47.19s,60.696633,,,+39d02m28.76s,39.041323,,,6.948,0.116,-0.116,0.0,1.0,-6.337,0.074,-0.074,0.0,1.0,2458837.730219,0.003636,-0.003636,0,1,4.7378024,0.0014863,-0.0014863,0,1,1.321,0.461,-0.461,0,1,2680.0,24.9471,-24.9471,0,1,14.4858,1.6082,-1.6082,0,1,126.671,,,,,934.0,,,,,11.4343,0.006,-0.006,0,1,487.904,13.944,-13.944,0,1,6533.0,181.7,-181.7,0,1,3.72,0.09,-0.09,0,1,2.64,0.13,-0.13,0,1,2021-06-23 15:18:26,2022-04-20 12:06:50,0.13,0.09,181.7,,True
3721.01,3721,143687316,143687316.01,1,PC,05h22m26.78s,80.611594,,,+40d25m33.57s,40.425991,,,3.046,0.048,-0.048,0.0,1.0,-16.249,0.034,-0.034,0.0,1.0,2458839.000359,0.003881,-0.003881,0,1,3.5423183,0.0010651,-0.0010651,0,1,2.976,0.392,-0.392,0,1,7520.0,11.0176,-11.0176,0,1,9.79489,0.729484,-0.729484,0,1,344.93,,,,,1200.0,,,,,12.6975,0.006,-0.006,0,1,416.005,5.075,-5.075,0,1,5151.0,168.9,-168.9,0,1,4.3,0.09,-0.09,0,1,1.1,0.07,-0.07,0,1,2021-06-23 15:18:26,2021-12-21 12:01:51,0.07,0.09,168.9,,True
3724.01,3724,143642240,143642240.01,1,PC,05h21m42.21s,80.425878,,,+36d16m28.69s,36.274635,,,6.777,0.075,-0.075,0.0,1.0,-18.27,0.052,-0.052,0.0,1.0,2458838.121011,0.001867,-0.001867,0,1,,,,0,1,6.092,1.006,-1.006,0,1,8780.0,7.94329,-7.94329,0,1,13.5121,0.762777,-0.762777,0,1,549.591,,,,,1348.0,,,,,11.7012,0.006,-0.006,0,1,438.246,8.6785,-8.6785,0,1,6523.0,167.7,-167.7,0,1,4.28,0.09,-0.09,0,1,1.39,0.06,-0.06,0,1,2021-06-23 15:18:26,2021-12-21 12:01:51,0.06,0.09,167.7,,True
3727.01,3727,339207847,339207847.01,1,PC,05h37m55.13s,84.479701,,,+64d32m43.65s,64.545457,,,0.403,0.04,-0.04,0.0,1.0,1.74,0.041,-0.041,0.0,1.0,2458820.604127,0.002481,-0.002481,0,1,13.3918911,0.0040693,-0.0040693,0,1,4.462,0.402,-0.402,0,1,7020.0,5.90424,-5.90424,0,1,12.471,0.702055,-0.702055,0,1,129.022,,,,,938.0,,,,,11.6439,0.01,-0.01,0,1,461.037,8.8075,-8.8075,0,1,6475.0,134.9,-134.9,0,1,4.23,0.09,-0.09,0,1,1.47,0.07,-0.07,0,1,2021-06-23 15:18:27,2022-04-20 12:06:50,0.07,0.09,134.9,,True
3732.01,3732,321894059,321894059.01,1,PC,05h38m27.32s,84.613821,,,+57d01m53.13s,57.031425,,,3.465,0.053,-0.053,0.0,1.0,-3.54,0.048,-0.048,0.0,1.0,2458837.443197,0.007688,-0.007688,0,1,2.9594651,0.0021098,-0.0021098,0,1,3.84,0.927,-0.927,0,1,2460.0,782.468,-782.468,0,1,17.5182,7.27343,-7.27343,0,1,11520.9,,,,,2886.0,,,,,12.4096,0.007,-0.007,0,1,1033.68,29.015,-29.015,0,1,6633.2,117.8,-117.8,0,1,3.84,0.09,-0.09,0,1,2.35,0.12,-0.12,0,1,2021-06-23 15:18:27,2021-12-21 12:01:51,0.12,0.09,117.8,,True
3733.01,3733,321436679,321436679.01,1,PC,05h32m33.76s,83.140649,,,+57d37m23.13s,57.623092,,,0.18,0.035,-0.035,0.0,1.0,-3.739,0.033,-0.033,0.0,1.0,2458840.174434,0.002366,-0.002366,0,1,2.1268311,0.0003906,-0.0003906,0,1,1.898,0.249,-0.249,0,1,6890.0,9.53539,-9.53539,0,1,19.5197,1.22645,-1.22645,0,1,909.617,,,,,1529.0,,,,,12.6396,0.013,-0.013,0,1,881.379,16.3,-16.3,0,1,6361.4,114.5,-114.5,0,1,3.83,0.09,-0.09,0,1,2.28,0.11,-0.11,0,1,2021-06-23 15:18:27,2021-10-29 12:59:15,0.11,0.09,114.5,,True
3735.01,3735,317252733,317252733.01,1,PC,03h42m21.63s,55.590143,,,+58d17m43.2s,58.295332,,,-7.014,0.039,-0.039,0.0,1.0,-10.691,0.041,-0.041,0.0,1.0,2458839.259122,0.000666,-0.000666,0,1,3.352748,0.0001859,-0.0001859,0,1,3.816,0.077,-0.077,0,1,11500.0,0.946908,-0.946908,0,1,11.2377,1.13621,-1.13621,0,1,1178.56,,,,,1632.0,,,,,11.3032,0.006,-0.006,0,1,278.597,2.086,-2.086,0,1,6245.0,106.5,-106.5,0,1,4.51,0.11,-0.11,0,1,1.02,0.1,-0.1,0,1,2021-06-23 15:18:28,2021-12-21 12:01:51,0.1,0.11,106.5,,True
3737.01,3737,96074951,96074951.01,1,PC,04h49m42.52s,72.427173,,,+35d18m05.97s,35.301657,,,-0.108,0.1,-0.1,0.0,1.0,-1.196,0.055,-0.055,0.0,1.0,2459523.144198,0.000876,-0.000876,0,1,5.5609997,1.43e-05,-1.43e-05,0,1,4.204,0.19,-0.19,0,1,9170.0,2.04433,-2.04433,0,1,15.2954,0.892006,-0.892006,0,1,424.633,,,,,1264.0,,,,,11.4963,0.006,-0.006,0,1,324.005,4.981,-4.981,0,1,5863.0,357.4,-357.4,0,1,4.07,0.1,-0.1,0,1,1.58,0.09,-0.09,0,1,2021-06-23 15:18:28,2022-03-11 10:10:02,0.09,0.1,357.4,,True
3744.01,3744,86075481,86075481.01,1,PC,04h01m05.72s,60.273843,,,+67d30m27.49s,67.507635,,,1.643,0.025,-0.025,0.0,1.0,-4.418,0.042,-0.042,0.0,1.0,2458835.414515,0.007338,-0.007338,0,1,3.8975752,0.0031864,-0.0031864,0,1,3.996,0.515,-0.515,0,1,2880.0,7.45268,-7.45268,0,1,14.9343,1.11689,-1.11689,0,1,1157.46,,,,,1624.0,,,,,12.4084,0.017,-0.017,0,1,938.939,24.714,-24.714,0,1,6257.0,157.3,-157.3,0,1,3.65,0.08,-0.08,0,1,2.74,0.14,-0.14,0,1,2021-06-23 15:18:29,2021-10-29 12:59:15,0.14,0.08,157.3,,True
3747.01,3747,647636934,647636934.01,1,PC,03h55m56.08s,58.983683,,,+57d50m02.84s,57.834123,,,-0.287,0.033,-0.033,0.0,1.0,2.225,0.034,-0.034,0.0,1.0,2458840.726616,0.005521,-0.005521,0,1,1.5503832,0.0006452,-0.0006452,0,1,1.994,0.591,-0.591,0,1,4000.0,1383.51,-1383.51,0,1,18.6311,8.15352,-8.15352,0,1,18107.5,,,,,3231.0,,,,,12.5715,0.023,-0.023,0,1,937.29,21.296,-21.296,0,1,7747.0,208.7,-208.7,0,1,4.1,0.08,-0.08,0,1,1.99,0.07,-0.07,0,1,2021-06-23 15:18:30,2021-12-21 12:01:51,0.07,0.08,208.7,,True
3750.01,3750,468777766,468777766.01,1,PC,05h05m41.71s,76.423773,,,+67d49m13.14s,67.820318,,,8.267,0.023,-0.023,0.0,1.0,-20.118,0.034,-0.034,0.0,1.0,2458826.425862,0.001625,-0.001625,0,1,12.4844641,0.0014759,-0.0014759,0,1,2.827,0.499,-0.499,0,1,17130.0,21.3373,-21.3373,0,1,8.49489,0.407563,-0.407563,0,1,7.652,,,,,463.0,,,,,12.9865,0.007,-0.007,0,1,156.504,0.568,-0.568,0,1,3815.0,157.0,-157.0,0,1,4.63,0.01,-0.01,0,1,0.63,0.02,-0.02,0,1,2021-06-23 15:18:30,2021-10-29 12:59:15,0.02,0.01,157.0,,True
3754.01,3754,81593515,81593515.01,1,PC,03h07m44.21s,46.934208,,,+62d23m58.85s,62.39968,,,6.068,0.046,-0.046,0.0,1.0,-4.071,0.051,-0.051,0.0,1.0,2458839.285714,0.012435,-0.012435,0,1,2.5312823,0.0009511,-0.0009511,0,1,4.428,2.154,-2.154,0,1,1320.0,43.5352,-43.5352,0,1,11.7709,2.26008,-2.26008,0,1,9149.72,,,,,2724.0,,,,,11.8974,0.046,-0.046,0,1,812.367,23.513,-23.513,0,1,6170.0,337.6,-337.6,0,1,3.56,0.11,-0.11,0,1,2.98,0.17,-0.17,0,1,2021-06-23 15:18:30,2022-04-20 12:06:50,0.17,0.11,337.6,,True
3755.01,3755,281196902,281196902.01,1,PC,04h38m59.34s,69.747261,,,+66d40m16.35s,66.671209,,,-11.435,0.029,-0.029,0.0,1.0,11.512,0.054,-0.054,0.0,1.0,2458833.216787,0.001541,-0.001541,0,1,5.5452538,0.0011944,-0.0011944,0,1,2.869,0.65,-0.65,0,1,8800.0,17.6219,-17.6219,0,1,10.5597,0.804769,-0.804769,0,1,208.799,,,,,1059.0,,,,,12.079,0.006,-0.006,0,1,322.356,2.953,-2.953,0,1,5354.0,315.4,-315.4,0,1,4.34,0.11,-0.11,0,1,1.08,0.06,-0.06,0,1,2021-06-23 15:18:31,2021-12-21 12:01:51,0.06,0.11,315.4,,True
3761.01,3761,275703182,275703182.01,1,PC,03h14m40.79s,48.669955,,,+66d55m14.79s,66.920775,,,17.163,0.018,-0.018,0.0,1.0,-26.454,0.027,-0.027,0.0,1.0,2458812.228444,0.001031,-0.001031,0,1,25.8944827,0.0005207,-0.0005207,0,1,2.136,0.162,-0.162,0,1,27610.0,1634.3,-1634.3,0,1,17.6301,3.59975,-3.59975,0,1,2.69966,,,,,357.0,,,,,12.8508,0.006,-0.006,0,1,215.482,0.7835,-0.7835,0,1,4375.0,121.1,-121.1,0,1,4.53,0.1,-0.1,0,1,0.74,0.06,-0.06,0,1,2021-06-23 15:18:31,2021-10-29 12:59:15,0.06,0.1,121.1,,True
3762.01,3762,9833284,9833284.01,1,PC,04h41m18.15s,70.325641,,,+55d55m59.71s,55.933254,,,1.596,0.06,-0.06,0.0,1.0,-14.041,0.055,-0.055,0.0,1.0,2458839.718032,0.002274,-0.002274,0,1,0.6843601,0.0001334,-0.0001334,0,1,0.762,0.186,-0.186,0,1,720.0,5.92887,-5.92887,0,1,6.83269,0.751495,-0.751495,0,1,2045.89,,,,,1873.0,,,,,10.6872,0.033,-0.033,0,1,476.182,9.745,-9.745,0,1,6779.0,102.4,-102.4,0,1,3.93,0.1,-0.1,0,1,2.17,0.15,-0.15,0,1,2021-06-23 15:18:32,2022-07-06 12:02:40,0.15,0.1,102.4,,True
3763.01,3763,432114158,432114158.01,1,PC,03h51m47.44s,57.947685,,,+47d08m59.62s,47.149894,,,-1.574,0.064,-0.064,0.0,1.0,-0.937,0.047,-0.047,0.0,1.0,2458838.422639,0.001434,-0.001434,0,1,2.0044091,0.0002535,-0.0002535,0,1,3.091,0.181,-0.181,0,1,10470.0,4.20902,-4.20902,0,1,18.822,0.960153,-0.960153,0,1,4202.5,,,,,2243.0,,,,,12.5159,0.018,-0.018,0,1,855.352,21.954,-21.954,0,1,7284.0,174.8,-174.8,0,1,4.14,0.09,-0.09,0,1,1.81,0.08,-0.08,0,1,2021-06-23 15:18:32,2022-01-21 12:05:03,0.08,0.09,174.8,,True
3765.01,3765,432078760,432078760.01,1,PC,03h50m02.83s,57.511805,,,+46d40m51.75s,46.681042,,,0.96,0.07,-0.07,0.0,1.0,-0.742,0.05,-0.05,0.0,1.0,2458836.476634,0.00096,-0.00096,0,1,3.147936,0.0003075,-0.0003075,0,1,3.076,0.165,-0.165,0,1,11270.0,2.44885,-2.44885,0,1,17.95,0.750654,-0.750654,0,1,1686.2,,,,,1785.0,,,,,11.7734,0.025,-0.025,0,1,620.461,12.775,-12.775,0,1,7298.0,220.4,-220.4,0,1,4.23,0.08,-0.08,0,1,1.64,0.06,-0.06,0,1,2021-06-23 15:18:32,2021-12-21 12:01:51,0.06,0.08,220.4,,True
3768.01,3768,268172361,268172361.01,1,PC,05h33m31.07s,83.379462,,,+45d04m54.18s,45.081717,,,2.476,0.038,-0.038,0.0,1.0,-1.383,0.03,-0.03,0.0,1.0,2458840.470597,0.006822,-0.006822,0,1,2.1791116,0.00092,-0.00092,0,1,2.988,1.086,-1.086,0,1,7980.0,248.899,-248.899,0,1,19.4618,3.59662,-3.59662,0,1,5855.53,,,,,2437.0,,,,,12.9859,0.009,-0.009,0,1,1309.84,41.05,-41.05,0,1,7166.0,134.8,-134.8,0,1,4.04,0.09,-0.09,0,1,1.99,0.1,-0.1,0,1,2021-06-23 15:18:32,2021-10-29 12:59:15,0.1,0.09,134.8,,True
3769.01,3769,428251130,428251130.01,1,PC,03h39m17.77s,54.82405,,,+52d49m28.74s,52.824649,,,-9.531,0.075,-0.075,0.0,1.0,1.281,0.066,-0.066,0.0,1.0,2458821.027915,0.001379,-0.001379,0,1,10.3380912,0.0008853,-0.0008853,0,1,3.972,0.164,-0.164,0,1,6750.0,1.86915,-1.86915,0,1,14.0125,0.645523,-0.645523,0,1,183.03,,,,,1024.0,,,,,10.5375,0.006,-0.006,0,1,276.632,2.659,-2.659,0,1,6650.0,181.1,-181.1,0,1,4.12,0.09,-0.09,0,1,1.7,0.07,-0.07,0,1,2021-06-23 15:18:32,2021-11-19 12:02:23,0.07,0.09,181.1,,True
3772.01,3772,426319499,426319499.01,1,PC,05h44m10.44s,86.04348,,,+36d04m50.35s,36.080653,,,7.481,0.047,-0.047,0.0,1.0,-17.234,0.04,-0.04,0.0,1.0,2458836.690355,0.002951,-0.002951,0,1,4.1659434,0.0012475,-0.0012475,0,1,2.311,0.273,-0.273,0,1,7860.0,11.2623,-11.2623,0,1,7.80768,0.580243,-0.580243,0,1,139.281,,,,,957.0,,,,,12.6409,0.006,-0.006,0,1,309.143,2.5255,-2.5255,0,1,5119.0,167.1,-167.1,0,1,4.49,0.09,-0.09,0,1,0.87,0.05,-0.05,0,1,2021-06-23 15:18:33,2021-12-21 12:01:51,0.05,0.09,167.1,,True
3773.01,3773,266772500,266772500.01,1,PC,04h05m59.27s,61.496952,,,+51d43m27.56s,51.724323,,,10.045,0.043,-0.043,0.0,1.0,-6.391,0.032,-0.032,0.0,1.0,2458835.860891,0.002927,-0.002927,0,1,2.9508028,0.0009184,-0.0009184,0,1,1.351,0.371,-0.371,0,1,5200.0,41.3771,-41.3771,0,1,13.4328,2.0548,-2.0548,0,1,208.956,,,,,1059.0,,,,,12.5517,0.006,-0.006,0,1,683.852,9.6975,-9.6975,0,1,5823.8,199.6,-199.6,0,1,3.99,0.14,-0.14,0,1,1.71,0.21,-0.21,0,1,2021-06-23 15:18:33,2022-04-20 12:06:50,0.21,0.14,199.6,,True
3786.01,3786,321250206,321250206.01,1,PC,06h20m29.07s,95.121127,,,+58d05m39.11s,58.094196,,,7.746,0.055,-0.055,0.0,1.0,-12.047,0.05,-0.05,0.0,1.0,2458865.144467,0.003398,-0.003398,0,1,2.1040634,0.0005391,-0.0005391,0,1,1.38,0.313,-0.313,0,1,3200.0,1443.79,-1443.79,0,1,14.9729,6.49591,-6.49591,0,1,1713.13,,,,,1792.0,,,,,12.3433,0.007,-0.007,0,1,632.756,18.3765,-18.3765,0,1,5973.3,117.6,-117.6,0,1,4.1,0.08,-0.08,0,1,1.54,0.08,-0.08,0,1,2021-06-23 15:20:12,2021-12-21 12:01:51,0.08,0.08,117.6,,True
3788.01,3788,312811620,312811620.01,1,PC,06h17m43.82s,94.432577,,,+54d22m52.7s,54.381306,,,11.45,0.061,-0.061,0.0,1.0,-11.436,0.065,-0.065,0.0,1.0,2458863.845509,0.001092,-0.001092,0,1,3.0923729,0.0003416,-0.0003416,0,1,3.061,0.492,-0.492,0,1,7200.0,10.3167,-10.3167,0,1,15.1739,1.07166,-1.07166,0,1,1605.66,,,,,1763.0,,,,,11.3321,0.007,-0.007,0,1,516.643,13.352,-13.352,0,1,6510.2,150.8,-150.8,0,1,4.07,0.1,-0.1,0,1,1.76,0.1,-0.1,0,1,2021-06-23 15:20:12,2021-12-21 12:01:51,0.1,0.1,150.8,,True
3792.01,3792,453348525,453348525.01,1,PC,06h50m23.87s,102.599479,,,+48d56m41.94s,48.944982,,,-4.148,0.107,-0.107,0.0,1.0,-7.422,0.099,-0.099,0.0,1.0,2458867.809578,0.004377,-0.004377,0,1,0.7729066,0.0002411,-0.0002411,0,1,1.109,0.239,-0.239,0,1,2850.0,16.1603,-16.1603,0,1,6.51984,0.67556,-0.67556,0,1,2135.77,,,,,1893.0,,,,,12.7859,0.009,-0.009,0,1,640.574,27.8615,-27.8615,0,1,6125.0,131.8,-131.8,0,1,4.35,0.09,-0.09,0,1,1.19,0.08,-0.08,0,1,2021-06-23 15:20:13,2021-10-29 12:59:15,0.08,0.09,131.8,,True
3795.01,3795,253030300,253030300.01,1,PC,06h34m55.79s,98.732441,,,+49d40m35.67s,49.676574,,,-1.05,0.062,-0.062,0.0,1.0,-1.028,0.059,-0.059,0.0,1.0,2458865.943138,0.004472,-0.004472,0,1,2.8300213,0.0009204,-0.0009204,0,1,1.646,0.556,-0.556,0,1,3790.0,27.864,-27.864,0,1,6.47417,0.65248,-0.65248,0,1,462.811,,,,,1292.0,,,,,12.2361,0.008,-0.008,0,1,439.841,8.537,-8.537,0,1,6205.0,109.5,-109.5,0,1,4.51,0.08,-0.08,0,1,1.01,0.04,-0.04,0,1,2021-06-23 15:20:14,2021-12-21 12:01:51,0.04,0.08,109.5,,True
3800.01,3800,21291176,21291176.01,1,PC,06h53m06.26s,103.276084,,,+39d07m56.2s,39.132278,,,1.676,0.081,-0.081,0.0,1.0,-1.262,0.074,-0.074,0.0,1.0,2458866.227324,0.005176,-0.005176,0,1,1.6667559,0.000626,-0.000626,0,1,2.35,0.384,-0.384,0,1,1730.0,4.70509,-4.70509,0,1,5.73913,0.429375,-0.429375,0,1,3970.53,,,,,2211.0,,,,,11.7248,0.007,-0.007,0,1,598.894,17.984,-17.984,0,1,7189.4,107.2,-107.2,0,1,4.35,0.09,-0.09,0,1,1.4,0.07,-0.07,0,1,2021-06-23 15:20:15,2021-12-21 12:01:51,0.07,0.09,107.2,,True
3802.01,3802,190250689,190250689.01,1,PC,06h35m07.58s,98.781576,,,+45d01m39.66s,45.027682,,,25.651,0.045,-0.045,0.0,1.0,-6.665,0.043,-0.043,0.0,1.0,2458866.749372,0.001574,-0.001574,0,1,1.4658218,0.0001651,-0.0001651,0,1,1.294,0.112,-0.112,0,1,8700.0,7.72178,-7.72178,0,1,12.9122,0.819436,-0.819436,0,1,491.415,,,,,1311.0,,,,,12.5548,0.008,-0.008,0,1,550.393,11.364,-11.364,0,1,5586.0,129.2,-129.2,0,1,4.17,0.08,-0.08,0,1,1.36,0.07,-0.07,0,1,2021-06-23 15:20:15,2021-12-03 12:01:51,0.07,0.08,129.2,,True
3805.01,3805,189852832,189852832.01,1,PC,06h19m35.92s,94.899684,,,+42d18m48.94s,42.313594,,,11.954,0.04,-0.04,0.0,1.0,-4.229,0.034,-0.034,0.0,1.0,2458860.700619,0.002047,-0.002047,0,1,3.8960447,0.000934,-0.000934,0,1,2.15,0.186,-0.186,0,1,13340.0,15.7225,-15.7225,0,1,12.1478,0.835696,-0.835696,0,1,151.232,,,,,976.0,,,,,12.7251,0.009,-0.009,0,1,406.497,4.2145,-4.2145,0,1,5295.0,131.8,-131.8,0,1,4.38,0.09,-0.09,0,1,1.02,0.06,-0.06,0,1,2021-06-23 15:20:16,2021-10-29 12:59:15,0.06,0.09,131.8,,True
3829.01,3829,801354155,801354155.01,1,PC,09h09m41.1s,137.421232,,,+31d17m32.72s,31.292423,,,8.181,0.067,-0.067,0.0,1.0,-23.264,0.058,-0.058,0.0,1.0,2459632.099977,0.000766,-0.000766,0,1,2.9150294,4.7e-06,-4.7e-06,0,1,2.819,0.103,-0.103,0,1,13530.0,3.33548,-3.33548,0,1,12.8379,1.56876,-1.56876,0,1,464.816,,,,,1293.0,,,,,12.3722,0.007,-0.007,0,1,397.985,7.386,-7.386,0,1,5385.0,137.3,-137.3,0,1,4.33,0.09,-0.09,0,1,1.08,0.13,-0.13,0,1,2021-06-23 15:20:56,2022-06-29 16:02:02,0.13,0.09,137.3,,True
3842.01,3842,165985431,165985431.01,1,PC,08h55m54.63s,133.977629,,,+30d59m25.25s,30.990348,,,-6.315,0.044,-0.044,0.0,1.0,-14.161,0.034,-0.034,0.0,1.0,2458895.099104,0.000948,-0.000948,0,1,3.6566206,0.0002678,-0.0002678,0,1,2.557,0.114,-0.114,0,1,21730.0,8.37261,-8.37261,0,1,13.587,0.997221,-0.997221,0,1,113.212,,,,,908.0,,,,,12.6496,0.006,-0.006,0,1,253.701,1.95,-1.95,0,1,4489.2,107.4,-107.4,0,1,4.37,0.09,-0.09,0,1,0.91,0.06,-0.06,0,1,2021-06-23 15:20:58,2021-10-29 12:59:15,0.06,0.09,107.4,,True
3859.01,3859,1122079,1122079.01,1,PC,11h15m42.28s,168.926158,,,+28d46m51.69s,28.781025,,,-32.571,0.081,-0.081,0.0,1.0,-0.874,0.155,-0.155,0.0,1.0,2458924.770085,0.00458,-0.00458,0,1,1.8460997,0.0005517,-0.0005517,0,1,1.706,0.407,-0.407,0,1,3740.0,2225.21,-2225.21,0,1,16.4485,7.76609,-7.76609,0,1,3553.44,,,,,2150.0,,,,,12.7134,0.007,-0.007,0,1,784.669,33.213,-33.213,0,1,6123.9,108.7,-108.7,0,1,4.16,0.09,-0.09,0,1,1.48,0.09,-0.09,0,1,2021-06-23 15:22:02,2021-10-29 12:59:15,0.09,0.09,108.7,,True
3877.01,3877,144310492,144310492.01,1,PC,11h21m49.07s,170.454473,,,+33d59m28.98s,33.991382,,,-19.997,0.075,-0.075,0.0,1.0,-3.795,0.073,-0.073,0.0,1.0,2458920.968885,0.001489,-0.001489,0,1,4.1225477,0.0006274,-0.0006274,0,1,2.206,0.475,-0.475,0,1,5760.0,11.3078,-11.3078,0,1,12.0574,0.97052,-0.97052,0,1,257.46,,,,,1115.0,,,,,11.9123,0.007,-0.007,0,1,493.77,13.0,-13.0,0,1,5662.2,141.6,-141.6,0,1,4.06,0.09,-0.09,0,1,1.55,0.1,-0.1,0,1,2021-06-23 15:22:04,2022-07-06 12:02:40,0.1,0.09,141.6,,True
3899.01,3899,441697509,441697509.01,1,PC,14h15m36.51s,213.902139,,,+57d49m17.3s,57.821472,,,-68.036,0.04,-0.04,0.0,1.0,-28.259,0.041,-0.041,0.0,1.0,2458951.991759,0.004714,-0.004714,0,1,5.2077671,0.0001814,-0.0001814,0,1,2.369,0.324,-0.324,0,1,850.0,1.76769,-1.76769,0,1,2.66176,0.209219,-0.209219,0,1,144.63,,,,,966.0,,,,,11.0866,0.006,-0.006,0,1,194.548,1.0355,-1.0355,0,1,5522.5,144.8,-144.8,0,1,4.5,0.08,-0.08,0,1,0.92,0.06,-0.06,0,1,2021-06-23 15:22:50,2022-07-19 12:02:35,0.06,0.08,144.8,,True
3920.01,3920,2016376984,2016376984.01,1,PC,22h26m45.79s,336.69079,,,+57d26m02.98s,57.434162,,,10.182,0.027,-0.027,0.0,1.0,6.19,0.025,-0.025,0.0,1.0,2458981.334869,0.001239,-0.001239,0,1,2.317939,1.65e-05,-1.65e-05,0,1,1.676,0.411,-0.411,0,1,13140.0,193.767,-193.767,0,1,15.7376,2.07011,-2.07011,0,1,719.636,,,,,1442.0,,,,,12.7509,0.031,-0.031,0,1,490.701,3.8525,-3.8525,0,1,5770.0,231.0,-231.0,0,1,4.25,0.09,-0.09,0,1,1.25,0.06,-0.06,0,1,2021-06-23 15:24:11,2021-10-29 12:59:15,0.06,0.09,231.0,,True
3946.01,3946,336399144,336399144.01,1,PC,22h16m03.31s,334.013781,,,+61d03m27.22s,61.05756,,,4.407,0.046,-0.046,0.0,1.0,-1.347,0.048,-0.048,0.0,1.0,2458972.76106,0.001029,-0.001029,0,1,5.7033411,3.84e-05,-3.84e-05,0,1,3.039,0.208,-0.208,0,1,14730.0,6.52083,-6.52083,0,1,15.2151,0.791465,-0.791465,0,1,217.888,,,,,1070.0,,,,,12.475,0.019,-0.019,0,1,519.917,6.3385,-6.3385,0,1,5933.0,164.4,-164.4,0,1,4.28,0.08,-0.08,0,1,1.24,0.06,-0.06,0,1,2021-06-23 15:24:15,2021-10-29 12:59:15,0.06,0.08,164.4,,True
3972.01,3972,284206913,284206913.01,1,PC,00h37m13.22s,9.305074,,,+61d12m18.35s,61.205097,,,147.833,0.038,-0.038,0.0,1.0,-20.892,0.038,-0.038,0.0,1.0,2458768.01174,0.0004,-0.0004,0,1,10.51135,3e-05,-3e-05,0,1,3.148,0.038,-0.038,0,1,15600.0,1.21819,-1.21819,0,1,11.565,0.59272,-0.59272,0,1,62.8965,,,,,784.0,,,,,10.7486,0.006,-0.006,0,1,162.569,0.702,-0.702,0,1,5908.0,284.9,-284.9,0,1,4.54,0.09,-0.09,0,1,0.92,0.05,-0.05,0,1,2021-06-23 15:24:18,2022-07-06 12:02:40,0.05,0.09,284.9,,True
3976.01,3976,154293917,154293917.01,1,PC,14h57m25.44s,224.356008,,,+44d16m27.56s,44.274322,,,-19.913,0.032,-0.032,0.0,1.0,9.882,0.046,-0.046,0.0,1.0,2458978.133817,0.000974,-0.000974,0,1,6.6080989,5.7e-05,-5.7e-05,0,1,3.928,0.183,-0.183,0,1,6740.0,1.16844,-1.16844,0,1,12.1125,0.538039,-0.538039,0,1,298.497,,,,,1157.0,,,,,11.8136,0.007,-0.007,0,1,516.087,5.8525,-5.8525,0,1,5993.0,102.9,-102.9,0,1,4.12,0.07,-0.07,0,1,1.5,0.06,-0.06,0,1,2021-06-23 15:24:19,2022-07-19 12:02:35,0.06,0.07,102.9,,True
3980.01,3980,312548829,312548829.01,1,PC,00h51m22.06s,12.841937,,,+59d34m33.1s,59.575861,,,17.157,0.04,-0.04,0.0,1.0,3.013,0.041,-0.041,0.0,1.0,2458976.727385,0.001551,-0.001551,0,1,3.6088991,3.89e-05,-3.89e-05,0,1,1.684,0.144,-0.144,0,1,4640.0,4.08257,-4.08257,0,1,11.4777,0.67495,-0.67495,0,1,174.015,,,,,1011.0,,,,,11.863,0.006,-0.006,0,1,486.721,7.9765,-7.9765,0,1,5854.0,169.2,-169.2,0,1,4.04,0.08,-0.08,0,1,1.63,0.08,-0.08,0,1,2021-06-23 15:24:20,2021-12-21 12:01:51,0.08,0.08,169.2,,True
3981.01,3981,312548415,312548415.01,1,PC,00h51m25.28s,12.855316,,,+59d24m35.67s,59.409908,,,1.598,0.023,-0.023,0.0,1.0,-2.099,0.025,-0.025,0.0,1.0,2458981.5001,0.007903,-0.007903,0,1,2.2437501,0.0001412,-0.0001412,0,1,3.821,0.638,-0.638,0,1,2880.0,8.70425,-8.70425,0,1,10.0826,0.775679,-0.775679,0,1,5651.55,,,,,2415.0,,,,,12.9165,0.013,-0.013,0,1,1172.52,27.93,-27.93,0,1,7209.0,146.3,-146.3,0,1,4.06,0.09,-0.09,0,1,1.96,0.09,-0.09,0,1,2021-06-23 15:24:20,2021-10-29 12:59:15,0.09,0.09,146.3,,True
3988.01,3988,452938965,452938965.01,1,PC,00h34m02.02s,8.508428,,,+58d50m39.45s,58.844293,,,2.964,0.038,-0.038,0.0,1.0,-6.464,0.036,-0.036,0.0,1.0,2458979.084306,0.002561,-0.002561,0,1,2.8743661,5.02e-05,-5.02e-05,0,1,4.106,0.268,-0.268,0,1,3940.0,2.07445,-2.07445,0,1,13.6794,0.767849,-0.767849,0,1,2251.89,,,,,1919.0,,,,,12.2454,0.063,-0.063,0,1,773.366,17.554,-17.554,0,1,6334.0,394.2,-394.2,0,1,3.86,0.11,-0.11,0,1,2.17,0.11,-0.11,0,1,2021-06-23 15:24:21,2021-10-29 12:59:15,0.11,0.11,394.2,,True
3999.01,3999,284528889,284528889.01,1,PC,00h39m46.92s,9.945507,,,+62d23m36.09s,62.393358,,,33.535,0.045,-0.045,0.0,1.0,-8.554,0.042,-0.042,0.0,1.0,2458981.890738,0.004632,-0.004632,0,1,4.112385,0.0001344,-0.0001344,0,1,3.474,0.666,-0.666,0,1,2110.0,4.81944,-4.81944,0,1,9.65749,0.752702,-0.752702,0,1,570.966,,,,,1361.0,,,,,11.6437,0.042,-0.042,0,1,525.173,8.3505,-8.3505,0,1,5659.0,262.1,-262.1,0,1,3.78,0.09,-0.09,0,1,2.14,0.12,-0.12,0,1,2021-06-23 15:24:22,2022-07-06 12:02:40,0.12,0.09,262.1,,True
4001.01,4001,83148519,83148519.01,1,PC,00h10m06.95s,2.528952,,,+64d34m21.24s,64.572568,,,38.466,0.046,-0.046,0.0,1.0,-7.044,0.039,-0.039,0.0,1.0,2458973.570023,0.003619,-0.003619,0,1,4.8983933,0.0001268,-0.0001268,0,1,2.734,0.305,-0.305,0,1,2130.0,3.11638,-3.11638,0,1,5.11295,0.342074,-0.342074,0,1,240.249,,,,,1096.0,,,,,11.7194,0.006,-0.006,0,1,315.572,2.672,-2.672,0,1,5696.0,459.4,-459.4,0,1,4.37,0.13,-0.13,0,1,1.09,0.06,-0.06,0,1,2021-06-23 15:24:23,2021-11-22 12:01:46,0.06,0.13,459.4,,True
4007.01,4007,389910188,389910188.01,1,PC,01h34m37.36s,23.655685,,,+62d19m31.86s,62.325517,,,5.9,0.027,-0.027,0.0,1.0,-2.89,0.032,-0.032,0.0,1.0,2459001.875355,0.001362,-0.001362,0,1,4.543204,4.82e-05,-4.82e-05,0,1,3.731,0.142,-0.142,0,1,12310.0,4.34745,-4.34745,0,1,12.9806,0.538789,-0.538789,0,1,1680.11,,,,,1783.0,,,,,12.4705,0.006,-0.006,0,1,511.571,6.42,-6.42,0,1,7998.0,592.7,-592.7,0,1,4.6,0.1,-0.1,0,1,1.16,0.04,-0.04,0,1,2021-06-23 15:25:55,2021-12-21 12:01:51,0.04,0.1,592.7,,True
4074.01,4074,628103717,628103717.01,1,PC,01h57m41.61s,29.423373,,,+63d54m16.52s,63.90459,,,-0.196,0.024,-0.024,0.0,1.0,-0.939,0.028,-0.028,0.0,1.0,2459005.312765,0.001872,-0.001872,0,1,3.2175518,5.57e-05,-5.57e-05,0,1,3.154,0.415,-0.415,0,1,10620.0,10.9876,-10.9876,0,1,16.431,0.788706,-0.788706,0,1,2563.84,,,,,1982.0,,,,,12.6844,0.015,-0.015,0,1,885.18,14.837,-14.837,0,1,7932.0,169.3,-169.3,0,1,4.32,0.08,-0.08,0,1,1.57,0.05,-0.05,0,1,2021-06-23 15:26:08,2021-12-21 12:01:51,0.05,0.08,169.3,,True
4079.01,4079,444558604,444558604.01,1,PC,01h19m55.4s,19.980843,,,+64d32m16.99s,64.538054,,,18.093,0.038,-0.038,0.0,1.0,0.909,0.041,-0.041,0.0,1.0,2459008.246562,0.000416,-0.000416,0,1,1.9872259,7.3e-06,-7.3e-06,0,1,2.486,0.071,-0.071,0,1,19450.0,2.51995,-2.51995,0,1,15.6112,0.765135,-0.765135,0,1,1292.25,,,,,1670.0,,,,,12.1484,0.03,-0.03,0,1,360.76,3.578,-3.578,0,1,6178.0,242.9,-242.9,0,1,4.44,0.09,-0.09,0,1,1.08,0.05,-0.05,0,1,2021-06-23 15:26:09,2021-12-21 12:01:51,0.05,0.09,242.9,,True
4197.01,4197,332579116,332579116.01,1,PC,04h08m05.41s,62.022558,,,-12d19m56.58s,-12.332383,,,-2.192,0.03,-0.03,0.0,1.0,-4.431,0.021,-0.021,0.0,1.0,2458456.806385,0.000506,-0.000506,0,1,3.9017499,0.0002889,-0.0002889,0,1,1.845,0.221,-0.221,0,1,27430.0,18.5068,-18.5068,0,1,12.6062,0.971587,-0.971587,0,1,73.9553,,,,,816.0,,,,,12.8512,0.006,-0.006,0,1,240.7,1.3865,-1.3865,0,1,4665.0,121.8,-121.8,0,1,4.6,0.09,-0.09,0,1,0.71,0.05,-0.05,0,1,2021-07-12 14:25:44,2021-10-29 12:59:15,0.05,0.09,121.8,,True
4199.01,4199,220144363,220144363.01,1,PC,06h36m09.6s,99.039982,,,+06d28m20.52s,6.472367,,,-4.312,0.064,-0.064,0.0,1.0,-6.163,0.057,-0.057,0.0,1.0,2458487.70703,0.001909,-0.001909,0,1,4.4466179,0.0007335,-0.0007335,0,1,4.511,0.347,-0.347,0,1,7930.0,2.51405,-2.51405,0,1,16.7023,0.870113,-0.870113,0,1,1257.77,,,,,1659.0,,,,,11.5141,0.006,-0.006,0,1,598.941,12.54,-12.54,0,1,6534.0,192.2,-192.2,0,1,4.03,0.09,-0.09,0,1,1.85,0.09,-0.09,0,1,2021-07-12 14:27:18,2021-10-29 12:59:15,0.09,0.09,192.2,,True
4201.01,4201,95057860,95057860.01,1,PC,06h01m53.93s,90.474724,,,-13d27m40.94s,-13.461371,,,11.721,0.057,-0.057,0.0,1.0,6.204,0.064,-0.064,0.0,1.0,2458485.286309,0.000854,-0.000854,0,1,3.5809733,0.0003732,-0.0003732,0,1,2.18,0.115,-0.115,0,1,36850.0,19.5244,-19.5244,0,1,12.0428,0.469155,-0.469155,0,1,40.4443,,,,,702.0,,,,,13.5011,0.008,-0.008,0,1,189.011,0.9885,-0.9885,0,1,3790.0,157.0,-157.0,0,1,4.64,0.01,-0.01,0,1,0.61,0.02,-0.02,0,1,2021-07-12 14:27:18,2021-10-29 12:59:15,0.02,0.01,157.0,,True
4204.01,4204,158697949,158697949.01,1,PC,05h47m37.24s,86.905182,,,+04d22m58.43s,4.382898,,,3.983,0.062,-0.062,0.0,1.0,-13.723,0.055,-0.055,0.0,1.0,2458484.978133,0.002093,-0.002093,0,1,3.9592516,0.0007277,-0.0007277,0,1,3.269,0.437,-0.437,0,1,3160.0,3.7703,-3.7703,0,1,7.85756,0.44129,-0.44129,0,1,1272.37,,,,,1663.0,,,,,10.9786,0.006,-0.006,0,1,346.758,4.3165,-4.3165,0,1,7068.0,436.7,-436.7,0,1,4.35,0.11,-0.11,0,1,1.39,0.06,-0.06,0,1,2021-07-12 14:27:19,2021-10-29 12:59:15,0.06,0.11,436.7,,True
4218.01,4218,142628514,142628514.01,1,PC,07h55m09.93s,118.791369,,,-22d36m39.63s,-22.611009,,,-4.648,0.027,-0.027,0.0,1.0,0.138,0.028,-0.028,0.0,1.0,2458514.633837,0.002119,-0.002119,0,1,2.6269521,0.0004542,-0.0004542,0,1,3.503,0.152,-0.152,0,1,12010.0,4.47312,-4.47312,0,1,17.6062,0.893172,-0.893172,0,1,2547.74,,,,,1979.0,,,,,12.7868,0.008,-0.008,0,1,1016.95,21.812,-21.812,0,1,6976.0,129.5,-129.5,0,1,4.22,0.09,-0.09,0,1,1.58,0.07,-0.07,0,1,2021-07-12 14:39:21,2021-11-29 12:02:15,0.07,0.09,129.5,,True
4231.01,4231,127895118,127895118.01,1,PC,07h49m53.31s,117.472121,,,-28d21m12.54s,-28.353484,,,-2.777,0.045,-0.045,0.0,1.0,3.373,0.047,-0.047,0.0,1.0,2458511.55237,0.002863,-0.002863,0,1,3.2970252,0.000991,-0.000991,0,1,2.279,0.286,-0.286,0,1,6550.0,12.7057,-12.7057,0,1,13.4619,0.885817,-0.885817,0,1,2098.67,,,,,1885.0,,,,,12.3563,0.019,-0.019,0,1,1175.96,40.215,-40.215,0,1,8945.0,289.8,-289.8,0,1,4.35,0.08,-0.08,0,1,1.67,0.07,-0.07,0,1,2021-07-12 14:39:23,2022-04-19 12:02:07,0.07,0.08,289.8,,True
4248.01,4248,190986054,190986054.01,1,PC,08h57m43.98s,134.433236,,,-38d22m16.13s,-38.371148,,,-18.742,0.045,-0.045,0.0,1.0,10.358,0.046,-0.046,0.0,1.0,2458561.897544,0.002556,-0.002556,0,1,5.1442317,0.0005085,-0.0005085,0,1,5.856,0.272,-0.272,0,1,4310.0,1.60781,-1.60781,0,1,13.8382,0.706199,-0.706199,0,1,1708.0,,,,,1790.0,,,,,11.548,0.006,-0.006,0,1,654.475,11.876,-11.876,0,1,5936.0,70.8,-70.8,0,1,4.18,1.81,-1.81,0,1,2.09,0.1,-0.1,0,1,2021-07-12 14:44:37,2021-11-29 12:02:15,0.1,1.81,70.8,,True
4610.01,4610,1950736,1950736.01,1,PC,05h16m10.38s,79.04324,,,+30d35m06.26s,30.585072,,,-112.604,0.088,-0.088,0.0,1.0,-71.913,0.06,-0.06,0.0,1.0,2459548.167513,0.002641,-0.002641,0,1,3.1130066,4.14e-05,-4.14e-05,0,1,2.198,0.365,-0.365,0,1,500.0,1.12825,-1.12825,0,1,1.55514,0.169906,-0.169906,0,1,114.273,,,,,910.0,,,,,10.0745,0.006,-0.006,0,1,47.914,0.1197,-0.1197,0,1,4104.0,124.6,-124.6,0,1,4.57,0.11,-0.11,0,1,0.69,0.07,-0.07,0,1,2021-11-09 21:10:04,2022-07-06 12:02:40,0.07,0.11,124.6,,True
4646.01,4646,286696849,286696849.01,1,PC,04h51m11.91s,72.799607,,,+50d05m52.53s,50.097926,,,40.603,0.062,-0.062,0.0,1.0,-30.896,0.06,-0.06,0.0,1.0,2458835.622297,0.001494,-0.001494,0,1,8.9277558,0.0010246,-0.0010246,0,1,3.229,0.404,-0.404,0,1,26360.0,31.5924,-31.5924,0,1,13.3188,1.21563,-1.21563,0,1,34.3913,,,,,674.0,,,,,12.2257,0.006,-0.006,0,1,169.637,1.0075,-1.0075,0,1,4379.0,126.2,-126.2,0,1,4.49,0.1,-0.1,0,1,0.78,0.07,-0.07,0,1,2021-12-03 00:55:00,2021-12-03 12:01:51,0.07,0.1,126.2,,True
5088.01,5088,234388232,234388232.01,1,PC,07h31m34s,112.891681,,,+12d02m03.99s,12.034442,,,-89.825,0.079,-0.079,0.0,1.0,-36.455,0.059,-0.059,0.0,1.0,2459518.182648,0.007106,-0.007106,0,1,7.3242777,7e-05,-7e-05,0,1,3.984,0.656,-0.656,0,1,471.0,205.364,-205.364,0,1,4.30351,1.3837,-1.3837,0,1,2700.2,,,,,2008.0,,,,,9.3422,0.006,-0.006,0,1,86.9438,0.32345,-0.32345,0,1,5638.7,108.8,-108.8,0,1,4.56,0.07,-0.07,0,1,0.87,0.04,-0.04,0,1,2022-01-06 23:39:45,2022-01-07 12:02:46,0.04,0.07,108.8,,True
5113.01,5113,2685481,2685481.01,1,PC,05h21m59.63s,80.498464,,,+30d56m55.42s,30.948728,,,-8.491,0.082,-0.082,0.0,1.0,-6.195,0.056,-0.056,0.0,1.0,2459545.541329,0.004518,-0.004518,0,1,4.1363202,0.0001179,-0.0001179,0,1,3.19,0.424,-0.424,0,1,470.0,0.884717,-0.884717,0,1,3.00841,0.202615,-0.202615,0,1,632.772,,,,,1397.0,,,,,10.2212,0.006,-0.006,0,1,222.874,2.505,-2.505,0,1,6113.0,192.4,-192.4,0,1,4.21,0.09,-0.09,0,1,1.39,0.07,-0.07,0,1,2022-01-25 22:18:20,2022-01-26 12:02:44,0.07,0.09,192.4,,True
5115.01,5115,366499151,366499151.01,1,PC,08h28m37.08s,127.154488,,,+10d14m58.16s,10.249488,,,97.645,0.079,-0.079,0.0,1.0,-115.839,0.048,-0.048,0.0,1.0,2459554.641004,0.011475,-0.011475,0,1,13.8240078,0.0001263,-0.0001263,0,1,3.512,0.459,-0.459,0,1,1140.0,1.14251,-1.14251,0,1,2.38171,0.169823,-0.169823,0,1,35.732,,,,,681.0,,,,,12.1045,0.006,-0.006,0,1,207.618,2.061,-2.061,0,1,5129.0,127.0,-127.0,0,1,4.67,0.09,-0.09,0,1,0.71,0.04,-0.04,0,1,2022-01-25 22:18:21,2022-04-19 12:02:07,0.04,0.09,127.0,,True
5122.01,5122,116668723,116668723.01,1,PC,05h42m43.75s,85.682297,,,+30d45m46.51s,30.762919,,,21.05,0.082,-0.082,0.0,1.0,-28.271,0.066,-0.066,0.0,1.0,2459545.333528,0.001886,-0.001886,0,1,3.3886002,5.04e-05,-5.04e-05,0,1,1.019,0.209,-0.209,0,1,570.0,2.73262,-2.73262,0,1,3.58649,0.339814,-0.339814,0,1,94.7245,,,,,869.0,,,,,9.82614,0.006,-0.006,0,1,183.637,2.224,-2.224,0,1,6148.7,149.0,-149.0,0,1,4.25,0.09,-0.09,0,1,1.34,0.09,-0.09,0,1,2022-01-25 22:18:24,2022-01-26 12:02:44,0.09,0.09,149.0,,True
5333.01,5333,96948338,96948338.01,1,PC,04h57m49.91s,74.457947,,,+31d19m07.2s,31.318666,,,14.045,0.092,-0.092,0.0,1.0,-13.908,0.051,-0.051,0.0,1.0,2459507.73612,0.006401,-0.006401,0,1,11.4420309,0.0002086,-0.0002086,0,1,5.092,0.631,-0.631,0,1,2290.0,4.95535,-4.95535,0,1,4.14274,0.364964,-0.364964,0,1,83.2925,,,,,841.0,,,,,11.992,0.006,-0.006,0,1,208.746,2.0435,-2.0435,0,1,4932.0,304.2,-304.2,0,1,4.47,0.12,-0.12,0,1,0.87,0.06,-0.06,0,1,2022-02-28 23:29:33,2022-03-01 12:03:09,0.06,0.12,304.2,,True
5345.01,5345,96165095,96165095.01,1,PC,04h50m24.36s,72.60148,,,+33d00m50.49s,33.014025,,,3.011,0.082,-0.082,0.0,1.0,-19.67,0.052,-0.052,0.0,1.0,2459523.116855,0.002717,-0.002717,0,1,1.1062164,1.11e-05,-1.11e-05,0,1,1.728,0.261,-0.261,0,1,660.0,1.75447,-1.75447,0,1,3.45691,0.331124,-0.331124,0,1,996.39,,,,,1565.0,,,,,11.0543,0.006,-0.006,0,1,207.17,1.85,-1.85,0,1,4816.0,421.3,-421.3,0,1,4.03,0.13,-0.13,0,1,1.41,0.11,-0.11,0,1,2022-02-28 23:29:38,2022-03-01 12:03:09,0.11,0.13,421.3,,True
5355.01,5355,96170689,96170689.01,1,PC,04h51m09.51s,72.789609,,,+34d37m39.81s,34.627726,,,20.515,0.081,-0.081,0.0,1.0,-15.809,0.056,-0.056,0.0,1.0,2459517.952944,0.003274,-0.003274,0,1,9.6125545,8.93e-05,-8.93e-05,0,1,4.242,0.509,-0.509,0,1,3470.0,4.30177,-4.30177,0,1,9.05686,0.546357,-0.546357,0,1,165.055,,,,,998.0,,,,,12.0647,0.007,-0.007,0,1,397.84,6.0475,-6.0475,0,1,5825.7,101.7,-101.7,0,1,4.1,0.08,-0.08,0,1,1.51,0.07,-0.07,0,1,2022-02-28 23:29:42,2022-03-01 12:03:09,0.07,0.08,101.7,,True
5364.01,5364,366754985,366754985.01,1,PC,05h08m01.55s,77.00647,,,+31d53m54.16s,31.898377,,,-2.382,0.098,-0.098,0.0,1.0,-13.629,0.06,-0.06,0.0,1.0,2459524.130515,0.002039,-0.002039,0,1,1.4466879,9.1e-06,-9.1e-06,0,1,0.952,0.275,-0.275,0,1,690.0,5.75017,-5.75017,0,1,12.418,1.2835,-1.2835,0,1,600.438,,,,,1379.0,,,,,10.8227,0.014,-0.014,0,1,645.231,16.7165,-16.7165,0,1,6332.0,150.8,-150.8,0,1,3.27,0.09,-0.09,0,1,4.28,0.21,-0.21,0,1,2022-02-28 23:29:46,2022-03-01 12:03:09,0.21,0.09,150.8,,True
5382.01,5382,356472238,356472238.01,1,PC,07h47m49.08s,116.954491,,,+48d06m54s,48.114999,,,-13.408,0.059,-0.059,0.0,1.0,3.51,0.048,-0.048,0.0,1.0,2459583.856836,0.004946,-0.004946,0,1,14.5507329,0.0052318,-0.0052318,0,1,4.58,0.798,-0.798,0,1,640.0,1.53916,-1.53916,0,1,4.4541,0.307931,-0.307931,0,1,134.395,,,,,948.0,,,,,9.46981,0.006,-0.006,0,1,215.238,1.7975,-1.7975,0,1,6277.0,131.8,-131.8,0,1,4.06,0.08,-0.08,0,1,1.72,0.08,-0.08,0,1,2022-03-01 00:21:57,2022-07-06 12:02:40,0.08,0.08,131.8,,True
5418.01,5418,115564354,115564354.01,1,PC,05h36m01.52s,84.006338,,,+32d19m00.56s,32.316823,,,9.888,0.085,-0.085,0.0,1.0,-12.72,0.067,-0.067,0.0,1.0,2459550.466346,0.00309,-0.00309,0,1,1.6421819,1.44e-05,-1.44e-05,0,1,2.459,0.37,-0.37,0,1,1100.0,2.07706,-2.07706,0,1,2.54445,0.190702,-0.190702,0,1,1746.99,,,,,1801.0,,,,,11.6985,0.006,-0.006,0,1,205.719,2.2795,-2.2795,0,1,5627.0,220.5,-220.5,0,1,4.64,0.09,-0.09,0,1,0.79,0.04,-0.04,0,1,2022-04-20 18:22:38,2022-04-21 12:03:43,0.04,0.09,220.5,,True
5426.01,5426,127957099,127957099.01,1,PC,05h26m35.91s,81.649605,,,+31d37m58.99s,31.633052,,,-12.844,0.186,-0.186,0.0,1.0,-3.933,0.129,-0.129,0.0,1.0,2459541.462505,0.002267,-0.002267,0,1,5.8095099,4.37e-05,-4.37e-05,0,1,2.427,0.767,-0.767,0,1,1750.0,7.3974,-7.3974,0,1,5.0621,0.51398,-0.51398,0,1,398.441,,,,,1244.0,,,,,10.9753,0.006,-0.006,0,1,283.552,5.272,-5.272,0,1,6353.1,142.0,-142.0,0,1,4.42,0.1,-0.1,0,1,1.15,0.09,-0.09,0,1,2022-04-20 18:22:42,2022-04-21 12:03:43,0.09,0.1,142.0,,True
5427.01,5427,52420398,52420398.01,1,PC,05h35m52.41s,83.968375,,,+12d55m33.41s,12.925947,,,0.758,0.073,-0.073,0.0,1.0,-32.606,0.058,-0.058,0.0,1.0,2459548.748875,0.000448,-0.000448,0,1,5.2374183,5.6e-06,-5.6e-06,0,1,3.741,0.064,-0.064,0,1,11630.0,0.642721,-0.642721,0,1,14.2208,0.824095,-0.824095,0,1,403.505,,,,,1248.0,,,,,11.659,0.006,-0.006,0,1,363.385,5.1995,-5.1995,0,1,6042.1,117.6,-117.6,0,1,4.28,0.09,-0.09,0,1,1.27,0.07,-0.07,0,1,2022-04-20 18:22:42,2022-04-21 12:03:43,0.07,0.09,117.6,,True
5458.01,5458,367434266,367434266.01,1,PC,06h59m42.45s,104.926875,,,+30d32m32.6s,30.54239,,,0.565,0.17,-0.17,0.0,1.0,-65.29,0.141,-0.141,0.0,1.0,2459521.577876,0.001591,-0.001591,0,1,22.0634495,0.0001929,-0.0001929,0,1,1.561,0.207,-0.207,0,1,2970.0,4.6474,-4.6474,0,1,5.93106,0.400509,-0.400509,0,1,3.80311,,,,,389.0,,,,,10.6275,0.006,-0.006,0,1,187.103,3.815,-3.815,0,1,5762.0,128.1,-128.1,0,1,4.44,0.08,-0.08,0,1,1.01,0.05,-0.05,0,1,2022-04-20 18:22:56,2022-04-21 12:03:43,0.05,0.08,128.1,,True
5459.01,5459,1942969,1942969.01,1,PC,05h15m43.75s,78.932278,,,+34d05m32.25s,34.092293,,,-0.159,0.048,-0.048,0.0,1.0,4.583,0.032,-0.032,0.0,1.0,2459547.783389,0.001953,-0.001953,0,1,2.8078585,1.64e-05,-1.64e-05,0,1,1.516,0.463,-0.463,0,1,4820.0,23.0901,-23.0901,0,1,14.8378,1.28562,-1.28562,0,1,428.439,,,,,1267.0,,,,,12.8255,0.019,-0.019,0,1,921.369,21.123,-21.123,0,1,6338.0,178.4,-178.4,0,1,3.95,0.09,-0.09,0,1,1.95,0.1,-0.1,0,1,2022-04-20 18:22:56,2022-04-21 12:03:43,0.1,0.09,178.4,,True
5468.01,5468,172222885,172222885.01,1,PC,06h33m16.81s,98.32004,,,+34d04m22.47s,34.072909,,,8.595,0.087,-0.087,0.0,1.0,-11.016,0.07,-0.07,0.0,1.0,2459513.290528,0.001429,-0.001429,0,1,20.9233666,9.09e-05,-9.09e-05,0,1,2.47,0.256,-0.256,0,1,9470.0,8.54284,-8.54284,0,1,12.2366,0.765086,-0.765086,0,1,14.0816,,,,,539.0,,,,,12.2122,0.008,-0.008,0,1,507.02,15.9155,-15.9155,0,1,6283.0,130.2,-130.2,0,1,4.36,0.09,-0.09,0,1,1.22,0.07,-0.07,0,1,2022-04-20 18:23:00,2022-04-21 12:03:43,0.07,0.09,130.2,,True
5479.01,5479,67444896,67444896.01,1,PC,11h25m35.23s,171.396808,,,+12d46m00.56s,12.766823,,,-5.47,0.084,-0.084,0.0,1.0,-3.098,0.066,-0.066,0.0,1.0,2459570.004911,0.002939,-0.002939,0,1,15.1306782,9.33e-05,-9.33e-05,0,1,4.204,0.391,-0.391,0,1,6030.0,5.03268,-5.03268,0,1,11.9169,0.761142,-0.761142,0,1,59.008,,,,,772.0,,,,,12.2773,0.007,-0.007,0,1,598.366,21.5705,-21.5705,0,1,5799.3,106.2,-106.2,0,1,4.09,0.07,-0.07,0,1,1.52,0.08,-0.08,0,1,2022-04-20 19:54:39,2022-08-18 12:02:41,0.08,0.07,106.2,,True
5482.01,5482,459947163,459947163.01,1,PC,11h30m22.27s,172.592807,,,+16d45m08.7s,16.752416,,,-34.619,0.047,-0.047,0.0,1.0,12.418,0.04,-0.04,0.0,1.0,2459573.446379,0.00375,-0.00375,0,1,7.9923268,6.31e-05,-6.31e-05,0,1,2.176,0.886,-0.886,0,1,5780.0,183.18,-183.18,0,1,9.69724,1.82733,-1.82733,0,1,104.579,,,,,890.0,,,,,12.9922,0.007,-0.007,0,1,659.819,13.0,-13.0,0,1,5825.0,128.8,-128.8,0,1,4.32,0.08,-0.08,0,1,1.18,0.06,-0.06,0,1,2022-04-20 19:54:41,2022-04-21 12:03:43,0.06,0.08,128.8,,True
5486.01,5486,291109653,291109653.01,1,PC,12h42m11.88s,190.549504,,,+03d47m18.96s,3.788601,,,-59.662,0.07,-0.07,0.0,1.0,-96.926,0.037,-0.037,0.0,1.0,2459577.679865,0.001472,-0.001472,0,1,2.0247106,8.7e-06,-8.7e-06,0,1,1.352,0.204,-0.204,0,1,4160.0,6.93198,-6.93198,0,1,3.79378,0.195886,-0.195886,0,1,57.7055,,,,,767.0,,,,,12.2937,0.007,-0.007,0,1,89.6811,0.26755,-0.26755,0,1,3654.0,157.0,-157.0,0,1,4.69,0.01,-0.01,0,1,0.55,0.02,-0.02,0,1,2022-04-20 19:54:43,2022-08-18 12:02:41,0.02,0.01,157.0,,True
5495.01,5495,380671216,380671216.01,1,PC,11h58m22.71s,179.594619,,,+11d43m54.12s,11.7317,,,-64.187,0.095,-0.095,0.0,1.0,-42.585,0.084,-0.084,0.0,1.0,2459559.909482,0.006678,-0.006678,0,1,9.6569059,0.0002016,-0.0002016,0,1,4.278,0.716,-0.716,0,1,800.0,2.65548,-2.65548,0,1,2.91617,0.248258,-0.248258,0,1,162.76,,,,,995.0,,,,,10.6421,0.006,-0.006,0,1,190.774,2.796,-2.796,0,1,5729.1,142.4,-142.4,0,1,4.41,0.08,-0.08,0,1,1.04,0.06,-0.06,0,1,2022-04-20 19:54:47,2022-08-18 12:02:41,0.06,0.08,142.4,,True
5502.01,5502,126322519,126322519.01,1,PC,09h00m48.97s,135.204056,,,+27d59m54s,27.998334,,,-46.502,0.126,-0.126,0.0,1.0,4.781,0.073,-0.073,0.0,1.0,2459578.359235,0.004386,-0.004386,0,1,11.6260799,0.0001303,-0.0001303,0,1,2.937,0.703,-0.703,0,1,840.0,3.01813,-3.01813,0,1,4.02844,0.32105,-0.32105,0,1,95.1955,,,,,870.0,,,,,10.3404,0.006,-0.006,0,1,248.654,5.308,-5.308,0,1,6317.0,127.3,-127.3,0,1,4.29,0.09,-0.09,0,1,1.32,0.06,-0.06,0,1,2022-04-20 19:54:50,2022-04-21 12:03:43,0.06,0.09,127.3,,True
5577.01,5577,98833877,98833877.01,1,PC,07h01m14s,105.308337,,,+41d07m46.89s,41.129691,,,-2.291,0.074,-0.074,0.0,1.0,0.974,0.064,-0.064,0.0,1.0,2459606.67024,0.000968,-0.000968,0,1,0.358558,7e-07,-7e-07,0,1,0.274,0.065,-0.065,0,1,960.0,17.6282,-17.6282,0,1,8.24018,0.877154,-0.877154,0,1,948.501,,,,,1546.0,,,,,11.1947,0.007,-0.007,0,1,508.394,13.054,-13.054,0,1,6813.5,138.9,-138.9,0,1,4.16,0.09,-0.09,0,1,1.67,0.09,-0.09,0,1,2022-05-17 20:13:12,2022-05-18 12:05:50,0.09,0.09,138.9,,True
5579.01,5579,252928337,252928337.01,1,PC,07h03m17.2s,105.821673,,,+52d31m00.23s,52.51673,,,-166.616,0.052,-0.052,0.0,1.0,-200.835,0.038,-0.038,0.0,1.0,2459583.260949,0.002452,-0.002452,0,1,19.8628449,0.0034783,-0.0034783,0,1,1.965,0.228,-0.228,0,1,30940.0,53.0154,-53.0154,0,1,7.82397,0.415735,-0.415735,0,1,0.933932,,,,,273.0,,,,,13.5426,0.007,-0.007,0,1,115.906,0.512,-0.512,0,1,3595.0,157.0,-157.0,0,1,4.8,0.01,-0.01,0,1,0.43,0.01,-0.01,0,1,2022-05-17 20:13:13,2022-05-18 12:05:50,0.01,0.01,157.0,,True
5580.01,5580,366298702,366298702.01,1,PC,07h29m03.02s,112.262575,,,+42d01m54.88s,42.03191,,,-12.316,0.05,-0.05,0.0,1.0,-16.814,0.032,-0.032,0.0,1.0,2459603.122108,0.005729,-0.005729,0,1,5.2782582,5.71e-05,-5.71e-05,0,1,3.379,0.494,-0.494,0,1,2000.0,4.67146,-4.67146,0,1,5.6755,0.42676,-0.42676,0,1,320.994,,,,,1179.0,,,,,12.2989,0.007,-0.007,0,1,486.081,7.714,-7.714,0,1,5647.0,125.2,-125.2,0,1,4.22,0.08,-0.08,0,1,1.29,0.07,-0.07,0,1,2022-05-17 20:13:13,2022-05-18 12:05:50,0.07,0.08,125.2,,True
5582.01,5582,392064198,392064198.01,1,PC,07h22m33.52s,110.639665,,,+30d25m06.07s,30.418354,,,5.799,0.073,-0.073,0.0,1.0,-0.434,0.065,-0.065,0.0,1.0,2459604.334385,0.004879,-0.004879,0,1,4.51125,7.3e-05,-7.3e-05,0,1,4.541,0.686,-0.686,0,1,760.0,1.51141,-1.51141,0,1,5.04347,0.37144,-0.37144,0,1,1281.58,,,,,1666.0,,,,,11.2713,0.009,-0.009,0,1,533.617,11.808,-11.808,0,1,6297.2,139.3,-139.3,0,1,3.97,0.09,-0.09,0,1,1.91,0.1,-0.1,0,1,2022-05-17 20:13:15,2022-05-18 12:05:50,0.1,0.09,139.3,,True
5590.01,5590,9907513,9907513.01,1,PC,07h22m45.52s,110.689677,,,+37d40m03.04s,37.667511,,,-22.895,0.068,-0.068,0.0,1.0,-43.138,0.062,-0.062,0.0,1.0,2459606.061518,0.003642,-0.003642,0,1,1.2749899,9.8e-06,-9.8e-06,0,1,1.146,0.294,-0.294,0,1,1140.0,7.34649,-7.34649,0,1,2.69399,0.353868,-0.353868,0,1,201.011,,,,,1048.0,,,,,11.9639,0.006,-0.006,0,1,136.242,0.882,-0.882,0,1,4216.7,132.9,-132.9,0,1,4.48,0.12,-0.12,0,1,0.78,0.08,-0.08,0,1,2022-05-17 20:13:18,2022-05-18 12:05:50,0.08,0.12,132.9,,True
5591.01,5591,192969211,192969211.01,1,PC,08h12m06.5s,123.027093,,,+42d13m43.37s,42.228714,,,-6.46,0.058,-0.058,0.0,1.0,-14.879,0.039,-0.039,0.0,1.0,2459599.966864,0.009128,-0.009128,0,1,12.8665269,0.0003526,-0.0003526,0,1,6.599,1.089,-1.089,0,1,1930.0,5.33277,-5.33277,0,1,4.59403,0.356078,-0.356078,0,1,179.365,,,,,1019.0,,,,,12.1721,0.007,-0.007,0,1,356.237,5.1145,-5.1145,0,1,5465.0,119.1,-119.1,0,1,4.38,0.08,-0.08,0,1,1.05,0.05,-0.05,0,1,2022-05-17 20:13:19,2022-05-18 12:05:50,0.05,0.08,119.1,,True
5592.01,5592,88529975,88529975.01,1,PC,07h06m43.22s,106.680068,,,+65d51m26.1s,65.857249,,,5.096,0.026,-0.026,0.0,1.0,-10.573,0.034,-0.034,0.0,1.0,2459606.194577,0.000741,-0.000741,0,1,2.6085851,4.1e-06,-4.1e-06,0,1,1.573,0.327,-0.327,0,1,8610.0,18.3737,-18.3737,0,1,13.9108,0.911821,-0.911821,0,1,680.058,,,,,1422.0,,,,,12.136,0.007,-0.007,0,1,597.026,8.9775,-8.9775,0,1,6331.0,124.6,-124.6,0,1,4.25,0.09,-0.09,0,1,1.38,0.06,-0.06,0,1,2022-05-17 20:13:19,2022-05-18 12:05:50,0.06,0.09,124.6,,True
5594.01,5594,53394475,53394475.01,1,PC,07h53m40.32s,118.417987,,,+54d07m27.16s,54.124212,,,-8.428,0.04,-0.04,0.0,1.0,-40.191,0.027,-0.027,0.0,1.0,2459589.072503,0.004629,-0.004629,0,1,9.2271917,8.15e-05,-8.15e-05,0,1,3.781,0.369,-0.369,0,1,5540.0,7.58561,-7.58561,0,1,9.80232,0.64263,-0.64263,0,1,138.883,,,,,956.0,,,,,12.826,0.008,-0.008,0,1,683.54,12.065,-12.065,0,1,5899.0,130.3,-130.3,0,1,4.23,0.08,-0.08,0,1,1.32,0.07,-0.07,0,1,2022-05-17 20:13:20,2022-05-18 12:05:50,0.07,0.08,130.3,,True
5595.01,5595,302908969,302908969.01,1,PC,07h21m50.44s,110.460165,,,+35d13m19.14s,35.221983,,,-77.907,0.073,-0.073,0.0,1.0,-35.236,0.069,-0.069,0.0,1.0,2459598.869415,0.002315,-0.002315,0,1,5.9900508,3.23e-05,-3.23e-05,0,1,2.104,0.254,-0.254,0,1,3680.0,6.718,-6.718,0,1,4.71645,0.484319,-0.484319,0,1,24.7628,,,,,621.0,,,,,12.1765,0.006,-0.006,0,1,136.955,0.6395,-0.6395,0,1,4119.0,119.5,-119.5,0,1,4.51,0.11,-0.11,0,1,0.74,0.07,-0.07,0,1,2022-05-17 20:13:20,2022-05-18 12:05:50,0.07,0.11,119.5,,True
5599.01,5599,159160230,159160230.01,1,PC,13h17m18.3s,199.326238,,,+55d40m53.54s,55.681539,,,-16.483,0.035,-0.035,0.0,1.0,-4.433,0.03,-0.03,0.0,1.0,2459627.128945,0.005726,-0.005726,0,1,5.4368408,4.71e-05,-4.71e-05,0,1,4.473,0.717,-0.717,0,1,1020.0,2.64929,-2.64929,0,1,6.11754,0.434311,-0.434311,0,1,833.218,,,,,1496.0,,,,,11.2785,0.006,-0.006,0,1,547.948,6.277,-6.277,0,1,6246.0,122.2,-122.2,0,1,3.96,0.09,-0.09,0,1,1.91,0.08,-0.08,0,1,2022-05-17 20:14:45,2022-05-18 12:05:50,0.08,0.09,122.2,,True
5618.01,5618,56999883,56999883.01,1,PC,11h32m16.81s,173.070058,,,+44d07m35.13s,44.126424,,,10.503,0.026,-0.026,0.0,1.0,-4.672,0.027,-0.027,0.0,1.0,2459630.759188,0.003107,-0.003107,0,1,3.5254325,2.12e-05,-2.12e-05,0,1,3.31,0.278,-0.278,0,1,5790.0,1865.31,-1865.31,0,1,17.2611,6.02186,-6.02186,0,1,2183.12,,,,,1904.0,,,,,12.9882,0.007,-0.007,0,1,631.38,8.15,-8.15,0,1,5497.0,127.9,-127.9,0,1,4.23,0.08,-0.08,0,1,1.25,0.07,-0.07,0,1,2022-05-17 20:14:54,2022-05-18 12:05:50,0.07,0.08,127.9,,True
5625.01,5625,137020480,137020480.01,1,PC,13h08m34.32s,197.142985,,,+42d20m26.88s,42.340801,,,-51.361,0.029,-0.029,0.0,1.0,15.519,0.03,-0.03,0.0,1.0,2459661.055081,0.005994,-0.005994,0,1,3.4645195,7.4e-05,-7.4e-05,0,1,4.649,0.367,-0.367,0,1,410.0,256.922,-256.922,0,1,10.4699,4.24972,-4.24972,0,1,28650.3,,,,,3624.0,,,,,9.1189,0.007,-0.007,0,1,260.349,1.944,-1.944,0,1,6351.0,128.7,-128.7,0,1,3.78,0.09,-0.09,0,1,2.4,0.11,-0.11,0,1,2022-05-17 20:22:52,2022-05-18 12:05:50,0.11,0.09,128.7,,True
5636.01,5636,105616091,105616091.01,1,PC,13h18m55.39s,199.730786,,,+34d15m14.68s,34.254077,,,-62.989,0.038,-0.038,0.0,1.0,24.816,0.039,-0.039,0.0,1.0,2459658.577043,0.002725,-0.002725,0,1,4.2744435,3.06e-05,-3.06e-05,0,1,1.958,0.309,-0.309,0,1,1960.0,4.68486,-4.68486,0,1,4.01981,0.310989,-0.310989,0,1,132.963,,,,,946.0,,,,,11.3476,0.006,-0.006,0,1,207.621,1.1865,-1.1865,0,1,5405.0,127.7,-127.7,0,1,4.5,0.08,-0.08,0,1,0.9,0.05,-0.05,0,1,2022-06-02 21:09:09,2022-06-03 12:03:36,0.05,0.08,127.7,,True
5637.01,5637,136992839,136992839.01,1,PC,12h52m04.67s,193.01944,,,+47d39m25.69s,47.657137,,,-21.165,0.031,-0.031,0.0,1.0,12.779,0.034,-0.034,0.0,1.0,2459629.323433,0.008059,-0.008059,0,1,17.7916498,0.0002092,-0.0002092,0,1,6.405,0.676,-0.676,0,1,1550.0,3.07977,-3.07977,0,1,5.67639,0.39995,-0.39995,0,1,111.663,,,,,905.0,,,,,11.9229,0.006,-0.006,0,1,489.497,6.139,-6.139,0,1,5803.0,129.2,-129.2,0,1,4.14,0.08,-0.08,0,1,1.43,0.07,-0.07,0,1,2022-06-02 21:09:09,2022-06-03 12:03:36,0.07,0.08,129.2,,True
5639.01,5639,166054851,166054851.01,1,PC,14h12m03.85s,213.016047,,,+61d21m15.31s,61.354254,,,-9.413,0.034,-0.034,0.0,1.0,-9.765,0.032,-0.032,0.0,1.0,2459658.16387,0.005321,-0.005321,0,1,3.3957241,2.7e-05,-2.7e-05,0,1,3.226,0.442,-0.442,0,1,1370.0,2.51454,-2.51454,0,1,2.79896,0.265733,-0.265733,0,1,282.135,,,,,1141.0,,,,,12.5811,0.006,-0.006,0,1,211.145,0.9235,-0.9235,0,1,4479.0,125.4,-125.4,0,1,4.51,0.1,-0.1,0,1,0.77,0.06,-0.06,0,1,2022-06-02 21:09:10,2022-06-03 12:03:36,0.06,0.1,125.4,,True
5644.01,5644,441658213,441658213.01,1,PC,14h00m28.62s,210.119238,,,+55d18m56.12s,55.31559,,,28.385,0.181,-0.181,0.0,1.0,-58.522,0.158,-0.158,0.0,1.0,2459660.036393,0.001536,-0.001536,0,1,6.640285,1.43e-05,-1.43e-05,0,1,1.257,0.295,-0.295,0,1,5700.0,8.47036,-8.47036,0,1,7.34873,0.523529,-0.523529,0,1,26.3908,,,,,631.0,,,,,11.9816,0.007,-0.007,0,1,256.116,7.8085,-7.8085,0,1,5035.9,106.6,-106.6,0,1,4.51,0.08,-0.08,0,1,0.87,0.05,-0.05,0,1,2022-06-02 21:09:12,2022-06-03 12:03:36,0.05,0.08,106.6,,True
5645.01,5645,156377968,156377968.01,1,PC,11h48m51s,177.21251,,,+35d32m51.03s,35.547508,,,-35.181,0.063,-0.063,0.0,1.0,-14.434,0.073,-0.073,0.0,1.0,2459659.856199,0.005273,-0.005273,0,1,4.5362433,5.12e-05,-5.12e-05,0,1,2.936,0.426,-0.426,0,1,3390.0,10.5682,-10.5682,0,1,7.12776,0.547531,-0.547531,0,1,305.034,,,,,1164.0,,,,,12.4054,0.007,-0.007,0,1,473.18,8.783,-8.783,0,1,5620.5,103.5,-103.5,0,1,4.28,0.07,-0.07,0,1,1.21,0.06,-0.06,0,1,2022-06-02 21:09:13,2022-06-03 12:03:36,0.06,0.07,103.5,,True
5646.01,5646,366804698,366804698.01,1,PC,13h13m47.31s,198.447139,,,+05d42m07.68s,5.702132,,,-15.945,0.081,-0.081,0.0,1.0,-0.784,0.05,-0.05,0.0,1.0,2459687.382078,0.003279,-0.003279,0,1,2.4277208,2.25e-05,-2.25e-05,0,1,3.158,0.402,-0.402,0,1,990.0,1.56355,-1.56355,0,1,6.0694,0.424596,-0.424596,0,1,1747.74,,,,,1801.0,,,,,10.8829,0.007,-0.007,0,1,429.221,9.6365,-9.6365,0,1,5999.3,133.6,-133.6,0,1,3.91,0.08,-0.08,0,1,1.93,0.11,-0.11,0,1,2022-06-02 21:09:46,2022-06-03 12:03:36,0.11,0.08,133.6,,True
5647.01,5647,67743054,67743054.01,1,PC,15h02m10.71s,225.544641,,,+31d58m02.46s,31.967349,,,-6.576,0.028,-0.028,0.0,1.0,-1.612,0.037,-0.037,0.0,1.0,2459713.269594,0.000916,-0.000916,0,1,4.0134273,7.4e-06,-7.4e-06,0,1,1.445,0.098,-0.098,0,1,10480.0,6.84617,-6.84617,0,1,10.7003,0.663017,-0.663017,0,1,101.875,,,,,885.0,,,,,12.1436,0.007,-0.007,0,1,415.29,4.5255,-4.5255,0,1,5935.2,145.6,-145.6,0,1,4.42,0.08,-0.08,0,1,1.06,0.06,-0.06,0,1,2022-06-02 21:09:46,2022-09-02 16:02:01,0.06,0.08,145.6,,True
5649.01,5649,392319808,392319808.01,1,PC,15h00m19.24s,225.080178,,,+39d27m04.72s,39.451312,,,-7.78,0.03,-0.03,0.0,1.0,-13.946,0.038,-0.038,0.0,1.0,2459681.976922,0.003306,-0.003306,0,1,4.7518771,2.43e-05,-2.43e-05,0,1,2.459,0.572,-0.572,0,1,8670.0,18.2099,-18.2099,0,1,15.1227,1.0982,-1.0982,0,1,262.123,,,,,1120.0,,,,,12.4399,0.007,-0.007,0,1,649.889,10.5235,-10.5235,0,1,5676.0,127.2,-127.2,0,1,4.05,0.08,-0.08,0,1,1.57,0.08,-0.08,0,1,2022-06-02 21:09:47,2022-06-03 12:03:36,0.08,0.08,127.2,,True
5654.01,5654,233465389,233465389.01,1,PC,15h23m41.49s,230.922864,,,+37d29m11.9s,37.486639,,,-32.077,0.027,-0.027,0.0,1.0,-3.976,0.043,-0.043,0.0,1.0,2459713.011926,0.001846,-0.001846,0,1,4.2528141,2.13e-05,-2.13e-05,0,1,1.67,0.212,-0.212,0,1,2390.0,3.60859,-3.60859,0,1,5.49054,0.343671,-0.343671,0,1,89.1065,,,,,855.0,,,,,11.4459,0.006,-0.006,0,1,253.021,1.3405,-1.3405,0,1,5318.4,103.3,-103.3,0,1,4.33,0.07,-0.07,0,1,1.09,0.05,-0.05,0,1,2022-06-02 21:09:49,2022-09-02 16:02:01,0.05,0.07,103.3,,True
5656.01,5656,458458156,458458156.01,1,PC,13h58m38.84s,209.661841,,,+14d07m46.49s,14.12958,,,11.019,0.085,-0.085,0.0,1.0,-56.715,0.111,-0.111,0.0,1.0,2459685.802056,0.003194,-0.003194,0,1,3.2487833,2.15e-05,-2.15e-05,0,1,1.626,0.352,-0.352,0,1,3110.0,14.0387,-14.0387,0,1,5.49487,0.508787,-0.508787,0,1,140.707,,,,,959.0,,,,,12.3503,0.007,-0.007,0,1,302.304,5.947,-5.947,0,1,5149.0,127.6,-127.6,0,1,4.46,0.09,-0.09,0,1,0.91,0.06,-0.06,0,1,2022-06-02 21:09:50,2022-06-03 12:03:36,0.06,0.09,127.6,,True
5664.01,5664,158022899,158022899.01,1,PC,14h41m24.91s,220.35381,,,+28d11m42.5s,28.19514,,,-10.86,0.039,-0.039,0.0,1.0,-6.643,0.045,-0.045,0.0,1.0,2459687.461371,0.006566,-0.006566,0,1,3.8863969,4.72e-05,-4.72e-05,0,1,3.906,0.911,-0.911,0,1,3340.0,14.9164,-14.9164,0,1,9.97164,0.910146,-0.910146,0,1,726.387,,,,,1446.0,,,,,12.5757,0.007,-0.007,0,1,701.942,10.8585,-10.8585,0,1,5436.0,121.1,-121.1,0,1,3.95,0.08,-0.08,0,1,1.71,0.09,-0.09,0,1,2022-06-02 21:09:53,2022-06-03 12:03:36,0.09,0.08,121.1,,True
5668.01,5668,357347296,357347296.01,1,PC,13h24m21.12s,201.087989,,,+28d34m03.75s,28.567707,,,-35.317,0.329,-0.329,0.0,1.0,-14.992,0.247,-0.247,0.0,1.0,2459685.023774,0.011842,-0.011842,0,1,4.1753448,7.45e-05,-7.45e-05,0,1,3.941,0.589,-0.589,0,1,810.0,2.33036,-2.33036,0,1,4.07823,0.357216,-0.357216,0,1,689.452,,,,,1427.0,,,,,10.8833,0.006,-0.006,0,1,295.293,11.2745,-11.2745,0,1,5686.0,122.9,-122.9,0,1,4.12,0.08,-0.08,0,1,1.45,0.09,-0.09,0,1,2022-06-02 21:09:55,2022-06-03 12:03:36,0.09,0.08,122.9,,True
5669.01,5669,162577468,162577468.01,1,PC,16h15m44.38s,243.934903,,,+48d19m23.74s,48.32326,,,-12.527,0.043,-0.043,0.0,1.0,15.193,0.042,-0.042,0.0,1.0,2459710.833713,0.001577,-0.001577,0,1,3.676651,1.03e-05,-1.03e-05,0,1,3.663,0.17,-0.17,0,1,4280.0,1.05232,-1.05232,0,1,12.1328,0.628712,-0.628712,0,1,792.672,,,,,1478.0,,,,,12.1196,0.006,-0.006,0,1,700.55,10.8615,-10.8615,0,1,5900.0,122.4,-122.4,0,1,3.94,0.08,-0.08,0,1,1.83,0.09,-0.09,0,1,2022-07-07 18:40:03,2022-07-08 12:02:23,0.09,0.08,122.4,,True
5681.01,5681,207439380,207439380.01,1,PC,16h19m07.36s,244.780658,,,+55d55m30.87s,55.925243,,,-11.22,0.075,-0.075,0.0,1.0,15.334,0.078,-0.078,0.0,1.0,2459743.020121,0.000894,-0.000894,0,1,1.1041295,2.5e-06,-2.5e-06,0,1,1.18,0.331,-0.331,0,1,12540.0,113.148,-113.148,0,1,10.6327,1.24562,-1.24562,0,1,652.193,,,,,1407.0,,,,,12.8086,0.006,-0.006,0,1,336.074,3.7405,-3.7405,0,1,4974.0,126.4,-126.4,0,1,4.46,0.09,-0.09,0,1,0.88,0.06,-0.06,0,1,2022-07-14 20:57:21,2022-10-05 10:10:01,0.06,0.09,126.4,,True
5686.01,5686,255928426,255928426.01,1,PC,16h29m50.62s,247.460912,,,+37d41m40.42s,37.69456,,,-20.319,0.037,-0.037,0.0,1.0,14.156,0.044,-0.044,0.0,1.0,2459738.845604,0.000515,-0.000515,0,1,4.2366102,4e-06,-4e-06,0,1,3.559,0.063,-0.063,0,1,14790.0,1.38262,-1.38262,0,1,15.6978,0.717382,-0.717382,0,1,351.913,,,,,1206.0,,,,,12.012,0.006,-0.006,0,1,394.427,4.5105,-4.5105,0,1,5407.5,101.5,-101.5,0,1,4.19,0.08,-0.08,0,1,1.28,0.06,-0.06,0,1,2022-07-14 20:57:24,2022-10-05 10:10:01,0.06,0.08,101.5,,True
5690.01,5690,115508409,115508409.01,1,PC,16h53m20.96s,253.33734,,,+44d06m34.35s,44.109543,,,-5.714,0.03,-0.03,0.0,1.0,7.281,0.043,-0.043,0.0,1.0,2459733.445085,0.002688,-0.002688,0,1,10.4995545,4.5e-05,-4.5e-05,0,1,2.123,0.588,-0.588,0,1,7030.0,23.3077,-23.3077,0,1,15.8295,1.20248,-1.20248,0,1,60.338,,,,,776.0,,,,,12.6502,0.007,-0.007,0,1,968.283,17.6965,-17.6965,0,1,6288.9,121.5,-121.5,0,1,4.02,0.09,-0.09,0,1,1.79,0.08,-0.08,0,1,2022-07-14 20:57:25,2022-10-05 10:10:01,0.08,0.09,121.5,,True
5699.01,5699,224328450,224328450.01,1,PC,16h44m54.28s,251.226157,,,+31d12m38.77s,31.21077,,,-8.687,0.036,-0.036,0.0,1.0,-35.198,0.05,-0.05,0.0,1.0,2459704.152351,0.002116,-0.002116,0,1,22.0183297,0.0001135,-0.0001135,0,1,3.628,0.788,-0.788,0,1,3300.0,5.41914,-5.41914,0,1,10.8238,0.749249,-0.749249,0,1,41.8582,,,,,708.0,,,,,10.4488,0.006,-0.006,0,1,304.745,2.052,-2.052,0,1,5901.0,143.5,-143.5,0,1,3.99,0.08,-0.08,0,1,1.74,0.1,-0.1,0,1,2022-07-28 21:43:06,2022-07-29 12:02:47,0.1,0.08,143.5,,True
5702.01,5702,141985686,141985686.01,1,PC,17h01m49.65s,255.456895,,,+14d42m26.87s,14.707465,,,-17.019,0.041,-0.041,0.0,1.0,-47.146,0.046,-0.046,0.0,1.0,2459738.417473,0.004012,-0.004012,0,1,3.1291319,3.82e-05,-3.82e-05,0,1,1.993,0.515,-0.515,0,1,680.0,4.30352,-4.30352,0,1,4.10795,0.403543,-0.403543,0,1,516.613,,,,,1328.0,,,,,9.83993,0.006,-0.006,0,1,222.812,1.3525,-1.3525,0,1,6236.0,146.4,-146.4,0,1,4.13,0.08,-0.08,0,1,1.57,0.07,-0.07,0,1,2022-07-28 21:43:08,2022-07-29 12:02:47,0.07,0.08,146.4,,True
5703.01,5703,10792081,10792081.01,1,PC,01h56m47.62s,29.198406,,,+65d46m12.85s,65.770236,,,62.845,0.038,-0.038,0.0,1.0,-71.31,0.046,-0.046,0.0,1.0,2459735.350043,0.008318,-0.008318,0,1,10.1692828,0.0001414,-0.0001414,0,1,5.653,0.612,-0.612,0,1,756.0,462.662,-462.662,0,1,6.53126,2.42166,-2.42166,0,1,2635.32,,,,,1996.0,,,,,10.0223,0.006,-0.006,0,1,146.959,0.73,-0.73,0,1,5856.0,140.9,-140.9,0,1,4.45,0.08,-0.08,0,1,1.01,0.05,-0.05,0,1,2022-07-28 21:43:08,2022-07-29 12:02:47,0.05,0.08,140.9,,True
5748.01,5748,407495930,407495930.01,1,PC,00h28m20.27s,7.084443,,,+73d06m27.91s,73.107753,,,2.337,0.028,-0.028,0.0,1.0,1.468,0.026,-0.026,0.0,1.0,2459738.329356,0.004843,-0.004843,0,1,3.0269043,1.9e-05,-1.9e-05,0,1,3.819,0.264,-0.264,0,1,7120.0,9.04245,-9.04245,0,1,14.2605,0.8726,-0.8726,0,1,1446.66,,,,,1718.0,,,,,12.9255,0.02,-0.02,0,1,866.343,12.2525,-12.2525,0,1,6154.0,175.3,-175.3,0,1,4.06,0.08,-0.08,0,1,1.67,0.08,-0.08,0,1,2022-09-01 23:36:33,2022-09-02 12:02:28,0.08,0.08,175.3,,True
5749.01,5749,387329912,387329912.01,1,PC,20h39m49.01s,309.954211,,,+68d43m12.58s,68.720161,,,5.888,0.042,-0.042,0.0,1.0,9.84,0.04,-0.04,0.0,1.0,2459734.363125,0.003255,-0.003255,0,1,5.4328364,2.29e-05,-2.29e-05,0,1,7.38,0.315,-0.315,0,1,1420.0,0.2853,-0.2853,0,1,12.63,0.656937,-0.656937,0,1,1693.95,,,,,1787.0,,,,,10.7778,0.008,-0.008,0,1,609.042,7.6275,-7.6275,0,1,6024.0,133.7,-133.7,0,1,3.43,0.08,-0.08,0,1,3.4,0.17,-0.17,0,1,2022-09-01 23:36:33,2022-09-02 12:02:28,0.17,0.08,133.7,,True
5754.01,5754,135267558,135267558.01,1,PC,16h16m13.48s,244.056148,,,+20d17m37.65s,20.293793,,,2.129,0.028,-0.028,0.0,1.0,6.163,0.03,-0.03,0.0,1.0,2459736.090495,0.001401,-0.001401,0,1,3.6479472,1.08e-05,-1.08e-05,0,1,1.683,0.288,-0.288,0,1,9470.0,12.9068,-12.9068,0,1,11.96,0.744782,-0.744782,0,1,208.679,,,,,1058.0,,,,,12.6025,0.008,-0.008,0,1,557.293,7.261,-7.261,0,1,5999.0,135.5,-135.5,0,1,4.35,0.08,-0.08,0,1,1.16,0.06,-0.06,0,1,2022-09-01 23:36:35,2022-09-02 12:02:28,0.06,0.08,135.5,,True
5755.01,5755,256584532,256584532.01,1,PC,21h50m44.75s,327.686471,,,+70d38m47.14s,70.646428,,,-8.175,0.066,-0.066,0.0,1.0,-2.104,0.075,-0.075,0.0,1.0,2459736.246115,0.003246,-0.003246,0,1,5.4397285,2.32e-05,-2.32e-05,0,1,3.099,0.23,-0.23,0,1,8020.0,7.04171,-7.04171,0,1,10.0246,0.685829,-0.685829,0,1,150.751,,,,,976.0,,,,,12.9079,0.006,-0.006,0,1,444.485,7.6805,-7.6805,0,1,5188.0,149.1,-149.1,0,1,4.29,0.09,-0.09,0,1,1.12,0.07,-0.07,0,1,2022-09-01 23:36:36,2022-09-02 12:02:28,0.07,0.09,149.1,,True
5760.01,5760,255907107,255907107.01,1,PC,16h27m53.39s,246.972473,,,+38d27m11.48s,38.453189,,,-16.11,0.021,-0.021,0.0,1.0,15.113,0.024,-0.024,0.0,1.0,2459739.173528,0.002166,-0.002166,0,1,7.924204,3.19e-05,-3.19e-05,0,1,4.458,0.368,-0.368,0,1,8160.0,5.30553,-5.30553,0,1,12.6224,0.678919,-0.678919,0,1,226.813,,,,,1081.0,,,,,12.5992,0.007,-0.007,0,1,618.078,4.746,-4.746,0,1,5739.6,107.2,-107.2,0,1,4.17,0.07,-0.07,0,1,1.39,0.06,-0.06,0,1,2022-09-01 23:36:38,2022-09-02 12:02:28,0.06,0.07,107.2,,True
5761.01,5761,428703516,428703516.01,1,PC,03h09m40.14s,47.417232,,,+75d02m51.32s,75.04759,,,-14.812,0.039,-0.039,0.0,1.0,-8.731,0.042,-0.042,0.0,1.0,2459722.313637,0.002775,-0.002775,0,1,19.5422056,8.13e-05,-8.13e-05,0,1,3.465,0.226,-0.226,0,1,4120.0,2.70867,-2.70867,0,1,5.05981,0.328836,-0.328836,0,1,15.7305,,,,,554.0,,,,,11.7149,0.006,-0.006,0,1,192.846,1.0015,-1.0015,0,1,5221.0,146.5,-146.5,0,1,4.62,0.09,-0.09,0,1,0.77,0.05,-0.05,0,1,2022-09-01 23:36:39,2022-09-02 12:02:28,0.05,0.09,146.5,,True
5762.01,5762,257531677,257531677.01,1,PC,17h13m17.31s,258.32211,,,+25d14m58.08s,25.249466,,,-16.021,0.021,-0.021,0.0,1.0,6.82,0.027,-0.027,0.0,1.0,2459735.332063,0.002646,-0.002646,0,1,3.946066,1.71e-05,-1.71e-05,0,1,1.792,0.361,-0.361,0,1,8410.0,25.9457,-25.9457,0,1,11.2929,0.875531,-0.875531,0,1,179.278,,,,,1019.0,,,,,12.6536,0.007,-0.007,0,1,527.004,4.5315,-4.5315,0,1,5769.6,132.7,-132.7,0,1,4.35,0.08,-0.08,0,1,1.13,0.06,-0.06,0,1,2022-09-01 23:36:39,2022-09-02 12:02:28,0.06,0.08,132.7,,True
5764.01,5764,150476057,150476057.01,1,PC,16h47m12.62s,251.802577,,,+22d07m24.23s,22.123397,,,3.236,0.02,-0.02,0.0,1.0,-0.262,0.025,-0.025,0.0,1.0,2459739.415504,0.002629,-0.002629,0,1,5.0859973,2.36e-05,-2.36e-05,0,1,1.594,0.224,-0.224,0,1,9400.0,19.6247,-19.6247,0,1,16.2391,1.08936,-1.08936,0,1,114.916,,,,,912.0,,,,,12.768,0.007,-0.007,0,1,960.081,14.1525,-14.1525,0,1,6503.0,127.4,-127.4,0,1,4.13,0.09,-0.09,0,1,1.65,0.07,-0.07,0,1,2022-09-01 23:36:40,2022-09-02 12:02:28,0.07,0.09,127.4,,True
5773.01,5773,445795465,445795465.01,1,PC,05h27m07.76s,81.782314,,,+75d47m21.21s,75.789224,,,5.761,0.026,-0.026,0.0,1.0,2.196,0.032,-0.032,0.0,1.0,2459767.6163,0.001937,-0.001937,0,1,2.7404478,8.2e-06,-8.2e-06,0,1,3.422,0.301,-0.301,0,1,5340.0,3.15337,-3.15337,0,1,12.6696,0.756336,-0.756336,0,1,908.875,,,,,1529.0,,,,,12.4443,0.009,-0.009,0,1,614.872,7.7645,-7.7645,0,1,5390.0,123.9,-123.9,0,1,3.93,0.08,-0.08,0,1,1.74,0.09,-0.09,0,1,2022-09-01 23:42:06,2022-09-02 12:02:28,0.09,0.08,123.9,,True
5776.01,5776,310728245,310728245.01,1,PC,17h36m41.96s,264.17484,,,+20d13m08.7s,20.219083,,,-2.632,0.034,-0.034,0.0,1.0,-13.769,0.046,-0.046,0.0,1.0,2459765.925587,0.002066,-0.002066,0,1,4.1816344,3.69e-05,-3.69e-05,0,1,4.13,0.302,-0.302,0,1,4180.0,4.11025,-4.11025,0,1,13.4666,0.754848,-0.754848,0,1,782.898,,,,,1473.0,,,,,12.1884,0.007,-0.007,0,1,676.452,10.4015,-10.4015,0,1,5900.0,117.7,-117.7,0,1,3.98,0.08,-0.08,0,1,1.76,0.08,-0.08,0,1,2022-09-01 23:42:07,2022-09-02 12:02:28,0.08,0.08,117.7,,True
981.01,981,127476180,127476180.01,1,PC,07h48m27.17s,117.113226,,,-28d12m17.38s,-28.204828,,,-20.695,0.041,-0.041,0.0,1.0,12.432,0.049,-0.049,0.0,1.0,2458492.61686,0.00429,-0.00429,0,1,1.60374,0.0005,-0.0005,0,1,2.104,0.289,-0.289,0,1,850.0,1.36141,-1.36141,0,1,4.31765,0.264627,-0.264627,0,1,2595.61,,,,,1988.0,,,,,10.2957,0.006,-0.006,0,1,297.758,2.581,-2.581,0,1,6711.0,138.0,-138.0,0,1,4.25,0.09,-0.09,0,1,1.48,0.06,-0.06,0,1,2019-07-24 15:58:33,2021-10-29 12:59:15,0.06,0.09,138.0,,True
